series,x_log10_gbar,y_log10_gobs,n_points,residual_vs_official
official_all,-11.23,-10.68,,
official_all,-11.13,-10.59,,
official_all,-11.19,-10.58,,
official_all,-11.29,-10.59,,
official_all,-11.43,-10.65,,
official_all,-11.6,-10.7,,
official_all,-11.76,-10.79,,
official_all,-11.13,-10.4,,
official_all,-11.16,-10.38,,
official_all,-11.21,-10.39,,
official_all,-11.24,-10.44,,
official_all,-11.31,-10.48,,
official_all,-11.33,-10.51,,
official_all,-11.34,-10.55,,
official_all,-11.41,-10.58,,
official_all,-11.41,-10.62,,
official_all,-11.43,-10.65,,
official_all,-11.45,-10.67,,
official_all,-11.43,-10.69,,
official_all,-11.39,-10.7,,
official_all,-11.37,-10.7,,
official_all,-11.35,-10.69,,
official_all,-11.35,-10.69,,
official_all,-11.29,-10.52,,
official_all,-11.28,-10.47,,
official_all,-11.33,-10.52,,
official_all,-11.38,-10.54,,
official_all,-11.39,-10.58,,
official_all,-11.41,-10.61,,
official_all,-11.38,-10.64,,
official_all,-11.37,-10.66,,
official_all,-11.34,-10.69,,
official_all,-11.34,-10.71,,
official_all,-11.37,-10.73,,
official_all,-11.37,-10.76,,
official_all,-11.39,-10.79,,
official_all,-10.27,-9.53,,
official_all,-10.3,-9.65,,
official_all,-10.34,-9.71,,
official_all,-10.34,-9.75,,
official_all,-10.36,-9.79,,
official_all,-10.39,-9.82,,
official_all,-10.42,-9.88,,
official_all,-10.45,-9.92,,
official_all,-10.47,-9.95,,
official_all,-10.51,-9.97,,
official_all,-10.55,-10.01,,
official_all,-10.6,-10.04,,
official_all,-10.65,-10.05,,
official_all,-10.7,-10.12,,
official_all,-10.74,-10.15,,
official_all,-10.77,-10.15,,
official_all,-10.79,-10.17,,
official_all,-10.82,-10.2,,
official_all,-10.87,-10.24,,
official_all,-10.91,-10.28,,
official_all,-10.94,-10.3,,
official_all,-10.98,-10.34,,
official_all,-11.01,-10.39,,
official_all,-11.03,-10.39,,
official_all,-11.04,-10.41,,
official_all,-11.06,-10.44,,
official_all,-11.06,-10.47,,
official_all,-11.05,-10.48,,
official_all,-8.68,-8.57,,
official_all,-8.72,-8.59,,
official_all,-8.75,-8.61,,
official_all,-8.77,-8.62,,
official_all,-8.79,-8.64,,
official_all,-8.81,-8.66,,
official_all,-8.84,-8.68,,
official_all,-8.86,-8.7,,
official_all,-8.89,-8.72,,
official_all,-8.91,-8.74,,
official_all,-8.93,-8.77,,
official_all,-8.95,-8.79,,
official_all,-8.98,-8.81,,
official_all,-9.0,-8.83,,
official_all,-9.02,-8.85,,
official_all,-9.04,-8.87,,
official_all,-9.06,-8.9,,
official_all,-9.07,-8.92,,
official_all,-9.09,-8.93,,
official_all,-9.11,-8.95,,
official_all,-9.11,-8.96,,
official_all,-9.12,-8.97,,
official_all,-9.14,-8.98,,
official_all,-9.15,-9.0,,
official_all,-9.16,-9.01,,
official_all,-9.19,-9.04,,
official_all,-9.23,-9.08,,
official_all,-9.3,-9.13,,
official_all,-9.31,-9.14,,
official_all,-9.33,-9.16,,
official_all,-9.34,-9.17,,
official_all,-9.35,-9.17,,
official_all,-9.37,-9.2,,
official_all,-9.38,-9.2,,
official_all,-9.39,-9.21,,
official_all,-9.41,-9.23,,
official_all,-9.44,-9.26,,
official_all,-9.45,-9.26,,
official_all,-9.45,-9.27,,
official_all,-9.46,-9.28,,
official_all,-9.47,-9.28,,
official_all,-9.49,-9.3,,
official_all,-9.5,-9.3,,
official_all,-9.51,-9.31,,
official_all,-9.52,-9.32,,
official_all,-9.53,-9.33,,
official_all,-9.54,-9.34,,
official_all,-9.55,-9.35,,
official_all,-9.56,-9.36,,
official_all,-9.56,-9.36,,
official_all,-9.57,-9.37,,
official_all,-9.58,-9.37,,
official_all,-9.58,-9.38,,
official_all,-9.59,-9.38,,
official_all,-9.6,-9.39,,
official_all,-9.63,-9.41,,
official_all,-9.64,-9.42,,
official_all,-9.65,-9.42,,
official_all,-9.69,-9.44,,
official_all,-9.8,-9.48,,
official_all,-9.91,-9.51,,
official_all,-11.4,-10.66,,
official_all,-11.34,-10.71,,
official_all,-11.33,-10.74,,
official_all,-11.45,-10.79,,
official_all,-11.54,-10.84,,
official_all,-10.59,-10.4,,
official_all,-10.64,-10.55,,
official_all,-10.73,-10.61,,
official_all,-10.89,-10.66,,
official_all,-9.78,-9.96,,
official_all,-9.76,-9.94,,
official_all,-9.78,-9.78,,
official_all,-9.81,-9.71,,
official_all,-9.84,-9.7,,
official_all,-9.87,-9.66,,
official_all,-9.89,-9.61,,
official_all,-9.88,-9.64,,
official_all,-9.86,-9.7,,
official_all,-9.81,-9.74,,
official_all,-9.78,-9.69,,
official_all,-9.77,-9.69,,
official_all,-9.8,-9.66,,
official_all,-9.81,-9.67,,
official_all,-9.82,-9.67,,
official_all,-9.83,-9.69,,
official_all,-9.84,-9.66,,
official_all,-9.85,-9.69,,
official_all,-9.86,-9.71,,
official_all,-9.88,-9.71,,
official_all,-9.92,-9.74,,
official_all,-10.01,-9.78,,
official_all,-10.05,-9.83,,
official_all,-10.08,-9.84,,
official_all,-10.12,-9.87,,
official_all,-10.18,-9.93,,
official_all,-10.24,-10.03,,
official_all,-10.32,-10.07,,
official_all,-10.39,-10.08,,
official_all,-10.46,-10.11,,
official_all,-10.52,-10.19,,
official_all,-10.58,-10.17,,
official_all,-10.65,-10.19,,
official_all,-10.69,-10.22,,
official_all,-10.74,-10.26,,
official_all,-11.01,-10.36,,
official_all,-11.04,-10.37,,
official_all,-11.09,-10.45,,
official_all,-11.06,-10.53,,
official_all,-11.09,-10.59,,
official_all,-11.18,-10.65,,
official_all,-8.5,-8.39,,
official_all,-8.59,-8.57,,
official_all,-8.69,-8.7,,
official_all,-8.78,-8.79,,
official_all,-8.87,-8.87,,
official_all,-8.94,-8.94,,
official_all,-9.01,-9.0,,
official_all,-9.07,-9.05,,
official_all,-9.12,-9.1,,
official_all,-9.16,-9.14,,
official_all,-9.2,-9.18,,
official_all,-9.23,-9.21,,
official_all,-9.27,-9.24,,
official_all,-9.3,-9.27,,
official_all,-9.34,-9.3,,
official_all,-9.38,-9.32,,
official_all,-9.41,-9.34,,
official_all,-9.45,-9.36,,
official_all,-9.48,-9.38,,
official_all,-9.51,-9.4,,
official_all,-9.53,-9.42,,
official_all,-9.58,-9.46,,
official_all,-9.6,-9.47,,
official_all,-9.63,-9.49,,
official_all,-9.64,-9.49,,
official_all,-9.65,-9.5,,
official_all,-9.67,-9.52,,
official_all,-9.69,-9.53,,
official_all,-9.74,-9.56,,
official_all,-9.76,-9.57,,
official_all,-9.82,-9.61,,
official_all,-9.84,-9.63,,
official_all,-9.86,-9.64,,
official_all,-9.97,-9.71,,
official_all,-9.98,-9.73,,
official_all,-10.0,-9.74,,
official_all,-10.11,-9.82,,
official_all,-10.21,-9.9,,
official_all,-10.32,-9.98,,
official_all,-10.4,-10.04,,
official_all,-10.47,-10.09,,
official_all,-10.55,-10.15,,
official_all,-10.61,-10.21,,
official_all,-10.68,-10.26,,
official_all,-10.75,-10.31,,
official_all,-10.81,-10.35,,
official_all,-10.86,-10.39,,
official_all,-10.91,-10.42,,
official_all,-10.96,-10.43,,
official_all,-11.0,-10.44,,
official_all,-11.05,-10.45,,
official_all,-11.09,-10.47,,
official_all,-11.12,-10.49,,
official_all,-11.15,-10.52,,
official_all,-11.18,-10.56,,
official_all,-11.22,-10.59,,
official_all,-11.25,-10.62,,
official_all,-11.28,-10.65,,
official_all,-11.3,-10.66,,
official_all,-11.33,-10.68,,
official_all,-11.35,-10.7,,
official_all,-11.38,-10.72,,
official_all,-11.41,-10.74,,
official_all,-11.43,-10.76,,
official_all,-11.46,-10.76,,
official_all,-11.5,-10.78,,
official_all,-11.57,-10.8,,
official_all,-9.9,-10.29,,
official_all,-10.0,-10.16,,
official_all,-10.11,-10.12,,
official_all,-10.19,-10.11,,
official_all,-10.22,-10.17,,
official_all,-10.29,-10.2,,
official_all,-10.35,-10.23,,
official_all,-10.41,-10.25,,
official_all,-10.44,-10.26,,
official_all,-10.49,-10.29,,
official_all,-10.53,-10.31,,
official_all,-10.57,-10.31,,
official_all,-10.62,-10.32,,
official_all,-10.67,-10.35,,
official_all,-10.73,-10.37,,
official_all,-10.75,-10.41,,
official_all,-10.8,-10.45,,
official_all,-10.84,-10.47,,
official_all,-10.87,-10.5,,
official_all,-10.92,-10.54,,
official_all,-11.35,-11.04,,
official_all,-11.16,-10.91,,
official_all,-11.12,-10.81,,
official_all,-11.15,-10.72,,
official_all,-11.17,-10.72,,
official_all,-11.18,-10.75,,
official_all,-8.78,-8.88,,
official_all,-8.9,-8.94,,
official_all,-9.02,-9.01,,
official_all,-9.12,-9.06,,
official_all,-9.21,-9.12,,
official_all,-9.29,-9.17,,
official_all,-9.36,-9.22,,
official_all,-9.42,-9.28,,
official_all,-9.47,-9.33,,
official_all,-9.53,-9.39,,
official_all,-9.59,-9.44,,
official_all,-10.07,-9.8,,
official_all,-10.08,-9.8,,
official_all,-10.1,-9.81,,
official_all,-10.12,-9.81,,
official_all,-10.14,-9.82,,
official_all,-10.15,-9.82,,
official_all,-10.17,-9.82,,
official_all,-10.18,-9.83,,
official_all,-10.19,-9.84,,
official_all,-10.2,-9.85,,
official_all,-10.21,-9.86,,
official_all,-10.22,-9.86,,
official_all,-10.22,-9.87,,
official_all,-10.23,-9.88,,
official_all,-10.24,-9.89,,
official_all,-10.28,-9.92,,
official_all,-10.3,-9.94,,
official_all,-10.32,-9.95,,
official_all,-10.34,-9.96,,
official_all,-10.43,-10.03,,
official_all,-10.56,-10.12,,
official_all,-10.67,-10.19,,
official_all,-10.76,-10.23,,
official_all,-10.85,-10.26,,
official_all,-10.93,-10.3,,
official_all,-11.01,-10.33,,
official_all,-11.11,-10.37,,
official_all,-10.98,-10.38,,
official_all,-10.9,-10.22,,
official_all,-10.94,-10.29,,
official_all,-11.04,-10.4,,
official_all,-11.2,-10.47,,
official_all,-11.36,-10.53,,
official_all,-11.44,-10.57,,
official_all,-11.48,-10.6,,
official_all,-11.44,-10.61,,
official_all,-11.41,-10.66,,
official_all,-11.44,-10.7,,
official_all,-10.43,-9.84,,
official_all,-10.4,-9.92,,
official_all,-10.46,-9.94,,
official_all,-10.54,-9.96,,
official_all,-10.62,-9.99,,
official_all,-10.7,-10.04,,
official_all,-10.76,-10.1,,
official_all,-10.82,-10.14,,
official_all,-10.88,-10.18,,
official_all,-10.93,-10.23,,
official_all,-10.96,-10.27,,
official_all,-11.0,-10.3,,
official_all,-11.05,-10.33,,
official_all,-11.11,-10.37,,
official_all,-11.17,-10.4,,
official_all,-11.25,-10.43,,
official_all,-11.28,-10.44,,
official_all,-11.31,-10.47,,
official_all,-11.35,-10.49,,
official_all,-11.38,-10.51,,
official_all,-11.41,-10.54,,
official_all,-11.42,-10.56,,
official_all,-11.44,-10.58,,
official_all,-11.49,-10.6,,
official_all,-11.51,-10.62,,
official_all,-11.53,-10.65,,
official_all,-11.57,-10.67,,
official_all,-11.6,-10.69,,
official_all,-11.62,-10.71,,
official_all,-11.63,-10.72,,
official_all,-11.0,-10.19,,
official_all,-10.99,-10.08,,
official_all,-10.94,-10.08,,
official_all,-10.92,-10.14,,
official_all,-10.99,-10.2,,
official_all,-11.02,-10.25,,
official_all,-11.04,-10.29,,
official_all,-11.06,-10.32,,
official_all,-11.07,-10.34,,
official_all,-11.14,-10.38,,
official_all,-11.2,-10.41,,
official_all,-11.27,-10.44,,
official_all,-11.32,-10.47,,
official_all,-11.29,-10.5,,
official_all,-11.34,-10.52,,
official_all,-11.37,-10.54,,
official_all,-10.23,-9.95,,
official_all,-10.44,-10.01,,
official_all,-10.63,-10.17,,
official_all,-10.77,-10.32,,
official_all,-10.89,-10.43,,
official_all,-11.01,-10.53,,
official_all,-11.11,-10.61,,
official_all,-10.69,-10.3,,
official_all,-10.77,-10.25,,
official_all,-10.86,-10.22,,
official_all,-10.86,-10.21,,
official_all,-10.92,-10.24,,
official_all,-11.03,-10.3,,
official_all,-11.15,-10.37,,
official_all,-11.24,-10.4,,
official_all,-11.3,-10.45,,
official_all,-11.34,-10.47,,
official_all,-11.39,-10.49,,
official_all,-11.27,-10.57,,
official_all,-11.27,-10.56,,
official_all,-11.28,-10.56,,
official_all,-11.24,-10.58,,
official_all,-11.23,-10.54,,
official_all,-11.22,-10.51,,
official_all,-11.21,-10.49,,
official_all,-11.19,-10.49,,
official_all,-11.19,-10.5,,
official_all,-11.2,-10.52,,
official_all,-11.21,-10.52,,
official_all,-11.23,-10.54,,
official_all,-11.26,-10.56,,
official_all,-11.26,-10.56,,
official_all,-11.26,-10.57,,
official_all,-11.26,-10.58,,
official_all,-11.25,-10.59,,
official_all,-11.24,-10.59,,
official_all,-11.23,-10.62,,
official_all,-11.22,-10.63,,
official_all,-11.21,-10.64,,
official_all,-11.2,-10.64,,
official_all,-11.19,-10.65,,
official_all,-11.19,-10.66,,
official_all,-11.21,-10.66,,
official_all,-11.23,-10.66,,
official_all,-10.56,-9.92,,
official_all,-10.66,-9.88,,
official_all,-10.8,-9.91,,
official_all,-10.89,-9.98,,
official_all,-10.95,-10.05,,
official_all,-11.03,-10.1,,
official_all,-11.11,-10.15,,
official_all,-11.15,-10.18,,
official_all,-11.17,-10.21,,
official_all,-11.22,-10.23,,
official_all,-10.77,-10.47,,
official_all,-10.79,-10.44,,
official_all,-10.79,-10.43,,
official_all,-10.79,-10.38,,
official_all,-10.78,-10.34,,
official_all,-10.76,-10.36,,
official_all,-10.79,-10.37,,
official_all,-10.83,-10.39,,
official_all,-10.65,-10.17,,
official_all,-10.82,-10.3,,
official_all,-10.93,-10.39,,
official_all,-11.05,-10.44,,
official_all,-11.12,-10.5,,
official_all,-11.14,-10.55,,
official_all,-10.64,-10.19,,
official_all,-10.74,-10.12,,
official_all,-10.7,-10.42,,
official_all,-10.62,-10.24,,
official_all,-10.66,-10.12,,
official_all,-10.68,-10.18,,
official_all,-10.73,-10.25,,
official_all,-10.78,-10.31,,
official_all,-10.86,-10.36,,
official_all,-10.87,-10.39,,
official_all,-10.9,-10.42,,
official_all,-10.93,-10.45,,
official_all,-10.94,-10.47,,
official_all,-10.97,-10.68,,
official_all,-11.12,-10.75,,
official_all,-11.21,-10.81,,
official_all,-11.34,-10.84,,
official_all,-11.36,-10.89,,
official_all,-11.37,-10.92,,
official_all,-11.38,-10.93,,
official_all,-11.32,-10.97,,
official_all,-11.35,-11.02,,
official_all,-11.42,-11.06,,
official_all,-11.45,-11.1,,
official_all,-11.58,-11.14,,
official_all,-10.89,-10.63,,
official_all,-10.93,-10.61,,
official_all,-10.96,-10.58,,
official_all,-11.0,-10.59,,
official_all,-11.05,-10.61,,
official_all,-11.09,-10.64,,
official_all,-11.14,-10.65,,
official_all,-11.18,-10.65,,
official_all,-11.21,-10.65,,
official_all,-10.61,-10.02,,
official_all,-10.76,-10.1,,
official_all,-10.87,-10.19,,
official_all,-10.92,-10.22,,
official_all,-10.99,-10.28,,
official_all,-11.0,-10.32,,
official_all,-11.0,-10.33,,
official_all,-11.05,-10.36,,
official_all,-11.09,-10.39,,
official_all,-11.09,-10.4,,
official_all,-11.11,-10.46,,
official_all,-11.15,-10.51,,
official_all,-11.18,-10.53,,
official_all,-11.22,-10.57,,
official_all,-11.26,-10.59,,
official_all,-10.77,-10.17,,
official_all,-10.85,-10.26,,
official_all,-10.89,-10.34,,
official_all,-10.93,-10.4,,
official_all,-10.97,-10.45,,
official_all,-11.01,-10.5,,
official_all,-11.08,-10.57,,
official_all,-11.19,-10.62,,
official_all,-11.24,-10.64,,
official_all,-10.63,-10.22,,
official_all,-10.72,-10.27,,
official_all,-10.79,-10.34,,
official_all,-10.84,-10.38,,
official_all,-10.53,-10.19,,
official_all,-10.66,-10.2,,
official_all,-10.74,-10.18,,
official_all,-10.78,-10.19,,
official_all,-10.83,-10.23,,
official_all,-10.88,-10.28,,
official_all,-10.91,-10.32,,
official_all,-10.95,-10.36,,
official_all,-10.99,-10.39,,
official_all,-11.01,-10.39,,
official_all,-11.01,-10.42,,
official_all,-11.05,-10.68,,
official_all,-11.14,-10.53,,
official_all,-11.18,-10.5,,
official_all,-11.25,-10.61,,
official_all,-11.32,-10.59,,
official_all,-8.3,-8.29,,
official_all,-8.39,-8.38,,
official_all,-8.47,-8.47,,
official_all,-8.55,-8.56,,
official_all,-8.61,-8.63,,
official_all,-8.66,-8.68,,
official_all,-8.71,-8.73,,
official_all,-8.76,-8.78,,
official_all,-8.8,-8.82,,
official_all,-8.84,-8.86,,
official_all,-8.88,-8.93,,
official_all,-8.95,-9.05,,
official_all,-8.99,-9.11,,
official_all,-9.02,-9.15,,
official_all,-9.05,-9.18,,
official_all,-9.27,-9.26,,
official_all,-9.41,-9.32,,
official_all,-9.43,-9.33,,
official_all,-9.48,-9.36,,
official_all,-9.5,-9.37,,
official_all,-9.52,-9.38,,
official_all,-9.54,-9.39,,
official_all,-9.56,-9.4,,
official_all,-9.57,-9.42,,
official_all,-9.64,-9.46,,
official_all,-9.67,-9.49,,
official_all,-9.69,-9.5,,
official_all,-9.7,-9.51,,
official_all,-9.71,-9.52,,
official_all,-9.73,-9.53,,
official_all,-9.74,-9.54,,
official_all,-9.76,-9.55,,
official_all,-9.79,-9.57,,
official_all,-9.83,-9.58,,
official_all,-9.84,-9.59,,
official_all,-9.85,-9.59,,
official_all,-9.86,-9.6,,
official_all,-9.86,-9.59,,
official_all,-9.87,-9.6,,
official_all,-9.88,-9.6,,
official_all,-9.89,-9.61,,
official_all,-9.96,-9.62,,
official_all,-10.02,-9.64,,
official_all,-10.03,-9.64,,
official_all,-10.05,-9.65,,
official_all,-10.13,-9.7,,
official_all,-10.21,-9.76,,
official_all,-10.28,-9.83,,
official_all,-10.33,-9.9,,
official_all,-10.39,-9.95,,
official_all,-10.45,-9.99,,
official_all,-10.5,-10.02,,
official_all,-10.55,-10.03,,
official_all,-10.59,-10.04,,
official_all,-10.63,-10.04,,
official_all,-10.67,-10.05,,
official_all,-10.71,-10.05,,
official_all,-10.74,-10.07,,
official_all,-10.77,-10.08,,
official_all,-10.8,-10.09,,
official_all,-10.83,-10.11,,
official_all,-10.86,-10.12,,
official_all,-10.89,-10.13,,
official_all,-10.94,-10.17,,
official_all,-10.98,-10.2,,
official_all,-11.03,-10.21,,
official_all,-11.07,-10.22,,
official_all,-11.15,-10.25,,
official_all,-9.12,-9.08,,
official_all,-9.18,-9.13,,
official_all,-9.23,-9.17,,
official_all,-9.69,-9.43,,
official_all,-9.71,-9.45,,
official_all,-9.73,-9.46,,
official_all,-9.75,-9.47,,
official_all,-9.75,-9.47,,
official_all,-9.76,-9.48,,
official_all,-9.77,-9.49,,
official_all,-9.78,-9.5,,
official_all,-9.79,-9.51,,
official_all,-9.8,-9.53,,
official_all,-9.81,-9.53,,
official_all,-9.82,-9.54,,
official_all,-9.83,-9.56,,
official_all,-9.85,-9.57,,
official_all,-9.86,-9.58,,
official_all,-9.88,-9.59,,
official_all,-9.89,-9.6,,
official_all,-9.92,-9.62,,
official_all,-9.93,-9.63,,
official_all,-9.95,-9.64,,
official_all,-9.97,-9.66,,
official_all,-9.97,-9.66,,
official_all,-10.11,-9.73,,
official_all,-10.28,-9.81,,
official_all,-10.36,-9.85,,
official_all,-10.37,-9.86,,
official_all,-10.38,-9.86,,
official_all,-10.41,-9.88,,
official_all,-10.52,-9.95,,
official_all,-10.63,-10.01,,
official_all,-10.73,-10.07,,
official_all,-10.81,-10.11,,
official_all,-10.89,-10.15,,
official_all,-10.97,-10.2,,
official_all,-11.05,-10.26,,
official_all,-11.12,-10.3,,
official_all,-11.18,-10.31,,
official_all,-11.23,-10.37,,
official_all,-11.95,-10.42,,
official_all,-11.66,-10.39,,
official_all,-11.43,-10.35,,
official_all,-11.43,-10.35,,
official_all,-11.36,-10.39,,
official_all,-11.38,-10.43,,
official_all,-11.37,-10.47,,
official_all,-11.44,-10.52,,
official_all,-9.36,-9.42,,
official_all,-10.05,-9.98,,
official_all,-10.16,-10.06,,
official_all,-10.21,-10.09,,
official_all,-10.25,-10.12,,
official_all,-10.28,-10.15,,
official_all,-10.98,-10.43,,
official_all,-11.02,-10.44,,
official_all,-11.16,-10.54,,
official_all,-11.35,-10.68,,
official_all,-11.02,-10.16,,
official_all,-11.11,-10.25,,
official_all,-11.11,-10.3,,
official_all,-11.13,-10.34,,
official_all,-11.22,-10.36,,
official_all,-11.23,-10.37,,
official_all,-11.21,-10.39,,
official_all,-11.22,-10.44,,
official_all,-11.21,-10.48,,
official_all,-11.21,-10.5,,
official_all,-11.2,-10.54,,
official_all,-11.24,-10.55,,
official_all,-11.32,-10.59,,
official_all,-11.35,-10.63,,
official_all,-11.02,-10.34,,
official_all,-11.0,-10.35,,
official_all,-11.03,-10.35,,
official_all,-11.06,-10.37,,
official_all,-11.1,-10.43,,
official_all,-11.15,-10.47,,
official_all,-11.21,-10.5,,
official_all,-10.57,-10.35,,
official_all,-10.65,-10.18,,
official_all,-10.61,-10.1,,
official_all,-10.54,-10.04,,
official_all,-10.57,-10.03,,
official_all,-10.63,-10.02,,
official_all,-10.65,-10.03,,
official_all,-10.69,-10.07,,
official_all,-10.77,-10.11,,
official_all,-10.86,-10.16,,
official_all,-10.93,-10.2,,
official_all,-11.01,-10.25,,
official_all,-11.1,-10.3,,
official_all,-11.15,-10.36,,
official_all,-11.17,-10.4,,
official_all,-11.49,-10.74,,
official_all,-11.55,-10.78,,
official_all,-11.55,-10.82,,
official_all,-11.55,-10.84,,
official_all,-11.31,-10.7,,
official_all,-11.23,-10.67,,
official_all,-11.17,-10.68,,
official_all,-11.16,-10.65,,
official_all,-11.18,-10.66,,
official_all,-11.7,-10.38,,
official_all,-11.4,-10.36,,
official_all,-11.34,-10.29,,
official_all,-11.29,-10.28,,
official_all,-11.24,-10.34,,
official_all,-11.22,-10.36,,
official_all,-11.23,-10.4,,
official_all,-11.26,-10.48,,
official_all,-11.33,-10.6,,
official_all,-11.4,-10.65,,
official_all,-11.45,-10.78,,
official_all,-11.36,-10.73,,
official_all,-10.21,-9.79,,
official_all,-10.28,-9.8,,
official_all,-10.37,-9.9,,
official_all,-10.45,-9.93,,
official_all,-10.5,-9.9,,
official_all,-10.56,-9.85,,
official_all,-10.6,-9.85,,
official_all,-10.7,-9.93,,
official_all,-10.79,-9.97,,
official_all,-10.89,-10.01,,
official_all,-11.0,-10.09,,
official_all,-11.08,-10.19,,
official_all,-11.17,-10.26,,
official_all,-11.24,-10.31,,
official_all,-11.28,-10.36,,
official_all,-11.29,-10.4,,
official_all,-11.31,-10.43,,
official_all,-11.35,-10.47,,
official_all,-11.39,-10.49,,
official_all,-11.43,-10.52,,
official_all,-11.17,-10.42,,
official_all,-11.29,-10.5,,
official_all,-11.37,-10.56,,
official_all,-11.41,-10.59,,
official_all,-11.43,-10.61,,
official_all,-11.43,-10.64,,
official_all,-11.44,-10.67,,
official_all,-11.46,-10.73,,
official_all,-11.51,-10.78,,
official_all,-11.57,-10.82,,
official_all,-11.64,-10.84,,
official_all,-10.89,-10.55,,
official_all,-10.9,-10.48,,
official_all,-10.94,-10.5,,
official_all,-11.0,-10.51,,
official_all,-11.05,-10.53,,
official_all,-8.35,-8.15,,
official_all,-8.41,-8.33,,
official_all,-8.49,-8.45,,
official_all,-8.56,-8.54,,
official_all,-8.63,-8.62,,
official_all,-8.69,-8.69,,
official_all,-8.74,-8.74,,
official_all,-8.79,-8.79,,
official_all,-8.84,-8.83,,
official_all,-8.88,-8.87,,
official_all,-8.92,-8.9,,
official_all,-8.96,-8.94,,
official_all,-8.99,-8.97,,
official_all,-9.03,-8.99,,
official_all,-9.06,-9.02,,
official_all,-9.09,-9.05,,
official_all,-9.11,-9.07,,
official_all,-9.13,-9.09,,
official_all,-9.15,-9.11,,
official_all,-9.17,-9.13,,
official_all,-9.19,-9.15,,
official_all,-9.21,-9.17,,
official_all,-9.23,-9.19,,
official_all,-9.24,-9.21,,
official_all,-9.26,-9.22,,
official_all,-9.28,-9.24,,
official_all,-9.3,-9.25,,
official_all,-9.31,-9.27,,
official_all,-9.33,-9.28,,
official_all,-9.34,-9.29,,
official_all,-9.36,-9.31,,
official_all,-9.38,-9.32,,
official_all,-9.39,-9.33,,
official_all,-9.41,-9.35,,
official_all,-9.42,-9.36,,
official_all,-9.44,-9.37,,
official_all,-9.46,-9.38,,
official_all,-9.47,-9.39,,
official_all,-9.48,-9.4,,
official_all,-9.49,-9.41,,
official_all,-9.5,-9.42,,
official_all,-9.53,-9.44,,
official_all,-9.55,-9.45,,
official_all,-9.56,-9.46,,
official_all,-9.58,-9.47,,
official_all,-9.65,-9.51,,
official_all,-9.66,-9.53,,
official_all,-9.66,-9.53,,
official_all,-9.67,-9.53,,
official_all,-9.68,-9.54,,
official_all,-9.69,-9.55,,
official_all,-9.7,-9.56,,
official_all,-9.72,-9.57,,
official_all,-9.8,-9.63,,
official_all,-9.92,-9.71,,
official_all,-10.02,-9.78,,
official_all,-10.13,-9.83,,
official_all,-10.22,-9.89,,
official_all,-10.31,-9.93,,
official_all,-10.38,-9.97,,
official_all,-10.44,-10.01,,
official_all,-10.49,-10.05,,
official_all,-10.55,-10.08,,
official_all,-10.64,-10.14,,
official_all,-10.73,-10.21,,
official_all,-10.82,-10.28,,
official_all,-10.9,-10.37,,
official_all,-10.97,-10.45,,
official_all,-11.04,-10.48,,
official_all,-11.09,-10.51,,
official_all,-11.14,-10.53,,
official_all,-11.19,-10.54,,
official_all,-10.93,-10.44,,
official_all,-10.97,-10.41,,
official_all,-10.96,-10.46,,
official_all,-11.02,-10.5,,
official_all,-11.07,-10.53,,
official_all,-11.15,-10.57,,
official_all,-11.16,-10.62,,
official_all,-11.2,-10.66,,
official_all,-11.08,-10.62,,
official_all,-11.11,-10.61,,
official_all,-11.16,-10.72,,
official_all,-11.22,-10.72,,
official_all,-11.27,-10.74,,
official_all,-11.32,-10.8,,
official_all,-10.98,-10.1,,
official_all,-10.88,-9.96,,
official_all,-10.79,-9.96,,
official_all,-10.76,-10.04,,
official_all,-10.77,-10.12,,
official_all,-10.83,-10.19,,
official_all,-10.89,-10.24,,
official_all,-10.96,-10.31,,
official_all,-11.16,-10.53,,
official_all,-11.22,-10.54,,
official_all,-11.24,-10.55,,
official_all,-11.25,-10.59,,
official_all,-11.3,-10.59,,
official_all,-11.33,-10.57,,
official_all,-11.41,-10.47,,
official_all,-11.45,-10.46,,
official_all,-11.43,-10.44,,
official_all,-11.39,-10.42,,
official_all,-11.35,-10.39,,
official_all,-11.26,-10.39,,
official_all,-11.0,-10.38,,
official_all,-10.98,-10.38,,
official_all,-11.0,-10.38,,
official_all,-9.46,-9.73,,
official_all,-9.51,-9.8,,
official_all,-9.54,-9.86,,
official_all,-9.57,-9.9,,
official_all,-9.61,-9.93,,
official_all,-9.65,-9.96,,
official_all,-9.69,-9.98,,
official_all,-9.74,-9.99,,
official_all,-9.77,-10.0,,
official_all,-9.81,-10.0,,
official_all,-9.87,-10.01,,
official_all,-9.91,-10.01,,
official_all,-9.93,-10.0,,
official_all,-9.95,-10.0,,
official_all,-9.98,-10.0,,
official_all,-10.0,-10.0,,
official_all,-10.02,-10.01,,
official_all,-10.05,-10.01,,
official_all,-10.07,-10.02,,
official_all,-10.09,-10.02,,
official_all,-10.11,-10.03,,
official_all,-10.34,-10.17,,
official_all,-10.53,-10.3,,
official_all,-10.67,-10.32,,
official_all,-10.76,-10.34,,
official_all,-10.77,-10.35,,
official_all,-10.77,-10.35,,
official_all,-10.79,-10.35,,
official_all,-10.79,-10.36,,
official_all,-10.88,-10.41,,
official_all,-10.96,-10.47,,
official_all,-11.03,-10.51,,
official_all,-11.09,-10.52,,
official_all,-11.16,-10.54,,
official_all,-11.21,-10.55,,
official_all,-11.27,-10.57,,
official_all,-11.32,-10.58,,
official_all,-11.44,-10.66,,
official_all,-11.54,-10.73,,
official_all,-8.88,-9.0,,
official_all,-9.0,-9.08,,
official_all,-9.05,-9.11,,
official_all,-9.09,-9.14,,
official_all,-9.22,-9.25,,
official_all,-9.23,-9.26,,
official_all,-9.48,-9.49,,
official_all,-9.71,-9.68,,
official_all,-9.87,-9.77,,
official_all,-9.99,-9.82,,
official_all,-10.08,-9.86,,
official_all,-10.18,-9.92,,
official_all,-10.26,-9.98,,
official_all,-10.33,-10.02,,
official_all,-10.4,-10.06,,
official_all,-10.47,-10.12,,
official_all,-10.54,-10.17,,
official_all,-10.6,-10.2,,
official_all,-10.67,-10.24,,
official_all,-10.76,-10.29,,
official_all,-10.85,-10.33,,
official_all,-10.99,-10.38,,
official_all,-9.13,-9.15,,
official_all,-9.28,-9.24,,
official_all,-9.34,-9.26,,
official_all,-9.6,-9.34,,
official_all,-9.64,-9.35,,
official_all,-9.68,-9.37,,
official_all,-9.7,-9.38,,
official_all,-9.72,-9.4,,
official_all,-9.73,-9.42,,
official_all,-9.75,-9.43,,
official_all,-9.76,-9.45,,
official_all,-9.78,-9.47,,
official_all,-9.79,-9.49,,
official_all,-9.8,-9.5,,
official_all,-9.81,-9.52,,
official_all,-9.82,-9.54,,
official_all,-9.83,-9.57,,
official_all,-9.85,-9.58,,
official_all,-9.87,-9.6,,
official_all,-9.87,-9.61,,
official_all,-9.88,-9.62,,
official_all,-9.92,-9.67,,
official_all,-9.93,-9.69,,
official_all,-9.95,-9.71,,
official_all,-9.97,-9.73,,
official_all,-9.99,-9.75,,
official_all,-10.02,-9.79,,
official_all,-10.19,-9.9,,
official_all,-10.33,-9.97,,
official_all,-10.34,-9.97,,
official_all,-10.36,-9.98,,
official_all,-10.38,-9.99,,
official_all,-10.39,-10.0,,
official_all,-10.4,-10.01,,
official_all,-10.41,-10.01,,
official_all,-10.42,-10.02,,
official_all,-10.44,-10.03,,
official_all,-10.44,-10.03,,
official_all,-10.54,-10.1,,
official_all,-10.62,-10.16,,
official_all,-10.7,-10.21,,
official_all,-10.78,-10.26,,
official_all,-10.86,-10.32,,
official_all,-10.93,-10.35,,
official_all,-11.07,-10.36,,
official_all,-11.16,-10.41,,
official_all,-8.43,-8.18,,
official_all,-8.46,-8.29,,
official_all,-8.51,-8.39,,
official_all,-8.56,-8.47,,
official_all,-8.6,-8.54,,
official_all,-8.64,-8.6,,
official_all,-8.68,-8.64,,
official_all,-8.71,-8.69,,
official_all,-8.75,-8.73,,
official_all,-8.77,-8.76,,
official_all,-8.8,-8.79,,
official_all,-8.82,-8.82,,
official_all,-8.84,-8.85,,
official_all,-8.87,-8.88,,
official_all,-8.89,-8.9,,
official_all,-8.91,-8.92,,
official_all,-8.93,-8.94,,
official_all,-8.95,-8.96,,
official_all,-8.97,-8.98,,
official_all,-8.99,-8.99,,
official_all,-9.01,-9.01,,
official_all,-9.03,-9.02,,
official_all,-9.05,-9.04,,
official_all,-9.07,-9.05,,
official_all,-9.08,-9.06,,
official_all,-9.1,-9.07,,
official_all,-9.12,-9.08,,
official_all,-9.13,-9.09,,
official_all,-9.15,-9.11,,
official_all,-9.16,-9.11,,
official_all,-9.17,-9.12,,
official_all,-9.18,-9.13,,
official_all,-9.19,-9.14,,
official_all,-9.2,-9.14,,
official_all,-9.21,-9.15,,
official_all,-9.22,-9.16,,
official_all,-9.23,-9.16,,
official_all,-9.24,-9.17,,
official_all,-9.33,-9.22,,
official_all,-9.33,-9.22,,
official_all,-9.34,-9.23,,
official_all,-9.35,-9.23,,
official_all,-9.38,-9.25,,
official_all,-9.42,-9.27,,
official_all,-9.43,-9.27,,
official_all,-9.43,-9.27,,
official_all,-9.44,-9.28,,
official_all,-9.45,-9.28,,
official_all,-9.46,-9.28,,
official_all,-9.46,-9.29,,
official_all,-9.48,-9.3,,
official_all,-9.5,-9.31,,
official_all,-9.5,-9.31,,
official_all,-9.51,-9.31,,
official_all,-9.52,-9.32,,
official_all,-9.52,-9.32,,
official_all,-9.53,-9.32,,
official_all,-9.53,-9.33,,
official_all,-9.54,-9.33,,
official_all,-9.55,-9.34,,
official_all,-9.55,-9.34,,
official_all,-9.56,-9.34,,
official_all,-9.57,-9.35,,
official_all,-9.58,-9.36,,
official_all,-9.58,-9.36,,
official_all,-9.62,-9.39,,
official_all,-9.63,-9.39,,
official_all,-9.64,-9.4,,
official_all,-9.64,-9.4,,
official_all,-9.65,-9.4,,
official_all,-9.65,-9.41,,
official_all,-9.72,-9.46,,
official_all,-9.79,-9.52,,
official_all,-9.85,-9.58,,
official_all,-9.9,-9.63,,
official_all,-9.97,-9.69,,
official_all,-10.04,-9.73,,
official_all,-10.11,-9.77,,
official_all,-10.17,-9.81,,
official_all,-10.22,-9.84,,
official_all,-10.27,-9.86,,
official_all,-10.32,-9.89,,
official_all,-10.37,-9.92,,
official_all,-10.42,-9.95,,
official_all,-10.47,-9.99,,
official_all,-10.51,-10.02,,
official_all,-10.55,-10.05,,
official_all,-10.59,-10.08,,
official_all,-10.63,-10.1,,
official_all,-10.66,-10.12,,
official_all,-10.69,-10.14,,
official_all,-10.72,-10.16,,
official_all,-10.76,-10.18,,
official_all,-10.79,-10.2,,
official_all,-10.82,-10.22,,
official_all,-10.84,-10.23,,
official_all,-10.87,-10.24,,
official_all,-10.9,-10.26,,
official_all,-10.92,-10.27,,
official_all,-10.94,-10.28,,
official_all,-10.97,-10.3,,
official_all,-10.99,-10.32,,
official_all,-11.01,-10.34,,
official_all,-11.03,-10.35,,
official_all,-11.05,-10.36,,
official_all,-11.08,-10.36,,
official_all,-11.1,-10.36,,
official_all,-11.12,-10.37,,
official_all,-11.14,-10.37,,
official_all,-11.16,-10.38,,
official_all,-11.19,-10.41,,
official_all,-11.23,-10.43,,
official_all,-11.27,-10.42,,
official_all,-9.0,-8.91,,
official_all,-9.05,-9.01,,
official_all,-9.07,-9.09,,
official_all,-9.1,-9.17,,
official_all,-9.15,-9.25,,
official_all,-9.22,-9.31,,
official_all,-9.25,-9.35,,
official_all,-9.27,-9.37,,
official_all,-9.33,-9.43,,
official_all,-9.39,-9.47,,
official_all,-9.44,-9.51,,
official_all,-9.5,-9.55,,
official_all,-9.55,-9.58,,
official_all,-9.6,-9.6,,
official_all,-9.65,-9.63,,
official_all,-9.7,-9.64,,
official_all,-9.71,-9.65,,
official_all,-9.74,-9.66,,
official_all,-9.78,-9.68,,
official_all,-9.82,-9.69,,
official_all,-9.85,-9.71,,
official_all,-9.88,-9.73,,
official_all,-9.92,-9.74,,
official_all,-9.95,-9.76,,
official_all,-9.97,-9.78,,
official_all,-9.99,-9.79,,
official_all,-10.0,-9.8,,
official_all,-10.03,-9.82,,
official_all,-10.06,-9.83,,
official_all,-10.08,-9.85,,
official_all,-10.1,-9.87,,
official_all,-10.19,-9.94,,
official_all,-10.2,-9.95,,
official_all,-10.33,-10.05,,
official_all,-10.43,-10.1,,
official_all,-10.5,-10.17,,
official_all,-10.59,-10.25,,
official_all,-10.68,-10.36,,
official_all,-10.77,-10.46,,
official_all,-10.85,-10.51,,
official_all,-10.91,-10.55,,
official_all,-8.99,-8.75,,
official_all,-9.32,-9.2,,
official_all,-9.66,-9.51,,
official_all,-10.02,-9.76,,
official_all,-10.22,-9.88,,
official_all,-10.31,-9.94,,
official_all,-10.39,-10.02,,
official_all,-10.48,-10.09,,
official_all,-10.56,-10.14,,
official_all,-10.62,-10.18,,
official_all,-10.68,-10.22,,
official_all,-10.76,-10.24,,
official_all,-10.8,-10.26,,
official_all,-10.82,-10.28,,
official_all,-10.86,-10.31,,
official_all,-10.91,-10.34,,
official_all,-10.96,-10.36,,
official_all,-10.99,-10.39,,
official_all,-11.03,-10.41,,
official_all,-9.69,-9.33,,
official_all,-9.69,-9.34,,
official_all,-9.7,-9.35,,
official_all,-9.91,-9.54,,
official_all,-10.07,-9.67,,
official_all,-10.21,-9.74,,
official_all,-10.33,-9.8,,
official_all,-10.45,-9.88,,
official_all,-10.57,-9.97,,
official_all,-10.67,-10.06,,
official_all,-10.76,-10.13,,
official_all,-10.85,-10.19,,
official_all,-10.92,-10.23,,
official_all,-10.98,-10.27,,
official_all,-11.05,-10.3,,
official_all,-11.11,-10.32,,
official_all,-11.17,-10.35,,
official_all,-10.99,-10.0,,
official_all,-10.95,-10.1,,
official_all,-10.96,-10.16,,
official_all,-11.0,-10.26,,
official_all,-11.1,-10.35,,
official_all,-11.15,-10.41,,
official_all,-11.21,-10.45,,
official_all,-11.31,-10.49,,
official_all,-11.3,-10.53,,
official_all,-11.31,-10.56,,
official_all,-11.36,-10.59,,
official_all,-11.41,-10.62,,
official_all,-11.41,-10.65,,
official_all,-11.42,-10.68,,
official_all,-11.24,-10.68,,
official_all,-11.29,-10.67,,
official_all,-11.46,-10.7,,
official_all,-11.6,-10.75,,
official_all,-11.95,-10.51,,
official_all,-11.76,-10.45,,
official_all,-11.79,-10.52,,
official_all,-11.59,-10.54,,
official_all,-11.59,-10.58,,
official_all,-11.58,-10.6,,
official_all,-11.48,-10.63,,
official_all,-11.35,-10.64,,
official_all,-11.31,-10.67,,
official_all,-11.33,-10.71,,
official_all,-11.35,-10.75,,
official_all,-11.39,-10.79,,
official_all,-11.02,-10.46,,
official_all,-11.16,-10.46,,
official_all,-11.3,-10.55,,
official_all,-11.51,-10.68,,
official_all,-10.9,-10.33,,
official_all,-10.82,-10.36,,
official_all,-10.82,-10.21,,
official_all,-10.84,-10.23,,
official_all,-10.87,-10.18,,
official_all,-11.03,-10.42,,
official_all,-11.11,-10.54,,
official_all,-11.27,-10.64,,
official_all,-10.97,-10.27,,
official_all,-11.16,-10.31,,
official_all,-11.27,-10.37,,
official_all,-11.33,-10.43,,
official_all,-11.34,-10.51,,
official_all,-11.36,-10.53,,
official_all,-11.37,-10.56,,
official_all,-11.4,-10.6,,
official_all,-11.41,-10.64,,
official_all,-11.45,-10.69,,
official_all,-11.46,-10.71,,
official_all,-11.51,-10.75,,
official_all,-11.58,-10.78,,
official_all,-11.63,-10.84,,
official_all,-11.67,-10.88,,
official_all,-11.72,-10.88,,
official_all,-11.77,-10.89,,
official_all,-11.83,-10.9,,
official_all,-11.89,-10.96,,
official_all,-11.94,-10.96,,
official_all,-8.36,-8.44,,
official_all,-8.91,-8.93,,
official_all,-9.23,-9.2,,
official_all,-9.45,-9.36,,
official_all,-9.63,-9.48,,
official_all,-9.78,-9.56,,
official_all,-9.91,-9.64,,
official_all,-10.02,-9.7,,
official_all,-10.12,-9.77,,
official_all,-10.21,-9.84,,
official_all,-10.29,-9.89,,
official_all,-10.37,-9.94,,
official_all,-10.44,-9.97,,
official_all,-10.51,-10.01,,
official_all,-10.56,-10.04,,
official_all,-10.62,-10.07,,
official_all,-10.68,-10.09,,
official_all,-10.73,-10.12,,
official_all,-10.09,-9.89,,
official_all,-10.12,-9.92,,
official_all,-10.15,-9.94,,
official_all,-10.17,-9.94,,
official_all,-10.18,-9.95,,
official_all,-10.19,-9.94,,
official_all,-10.17,-9.94,,
official_all,-10.16,-9.93,,
official_all,-10.16,-9.94,,
official_all,-10.19,-9.92,,
official_all,-10.21,-9.92,,
official_all,-10.23,-9.94,,
official_all,-10.25,-9.97,,
official_all,-10.27,-9.98,,
official_all,-10.29,-9.99,,
official_all,-10.32,-9.98,,
official_all,-10.34,-9.94,,
official_all,-10.36,-9.98,,
official_all,-10.39,-9.98,,
official_all,-10.42,-9.98,,
official_all,-10.45,-10.02,,
official_all,-10.56,-10.13,,
official_all,-10.75,-10.31,,
official_all,-10.82,-10.4,,
official_all,-10.88,-10.47,,
official_all,-9.11,-9.23,,
official_all,-9.15,-9.25,,
official_all,-9.18,-9.27,,
official_all,-9.24,-9.32,,
official_all,-9.3,-9.37,,
official_all,-9.34,-9.4,,
official_all,-9.4,-9.44,,
official_all,-9.45,-9.48,,
official_all,-9.55,-9.54,,
official_all,-9.67,-9.61,,
official_all,-9.75,-9.68,,
official_all,-9.83,-9.73,,
official_all,-9.9,-9.78,,
official_all,-9.96,-9.82,,
official_all,-10.02,-9.87,,
official_all,-10.07,-9.91,,
official_all,-10.12,-9.95,,
official_all,-10.17,-9.99,,
official_all,-10.2,-10.01,,
official_all,-10.24,-10.03,,
official_all,-10.27,-10.05,,
official_all,-10.31,-10.07,,
official_all,-10.35,-10.08,,
official_all,-10.39,-10.11,,
official_all,-10.43,-10.13,,
official_all,-10.46,-10.15,,
official_all,-10.5,-10.16,,
official_all,-10.54,-10.18,,
official_all,-10.57,-10.19,,
official_all,-10.61,-10.2,,
official_all,-10.64,-10.23,,
official_all,-10.67,-10.25,,
official_all,-10.7,-10.25,,
official_all,-10.73,-10.27,,
official_all,-10.76,-10.27,,
official_all,-10.79,-10.3,,
official_all,-8.18,-8.4,,
official_all,-8.9,-9.01,,
official_all,-9.22,-9.25,,
official_all,-9.37,-9.32,,
official_all,-9.49,-9.47,,
official_all,-9.58,-9.55,,
official_all,-9.63,-9.58,,
official_all,-9.66,-9.64,,
official_all,-9.69,-9.65,,
official_all,-9.73,-9.69,,
official_all,-9.77,-9.69,,
official_all,-9.8,-9.69,,
official_all,-9.82,-9.69,,
official_all,-9.84,-9.69,,
official_all,-9.85,-9.71,,
official_all,-9.86,-9.73,,
official_all,-9.89,-9.75,,
official_all,-9.92,-9.77,,
official_all,-9.95,-9.8,,
official_all,-9.97,-9.81,,
official_all,-10.0,-9.85,,
official_all,-10.03,-9.86,,
official_all,-10.07,-9.88,,
official_all,-10.11,-9.91,,
official_all,-10.14,-9.93,,
official_all,-10.16,-9.96,,
official_all,-10.18,-9.98,,
official_all,-10.21,-10.01,,
official_all,-10.24,-10.02,,
official_all,-10.27,-10.05,,
official_all,-10.29,-10.06,,
official_all,-10.32,-10.05,,
official_all,-10.35,-10.07,,
official_all,-10.37,-10.08,,
official_all,-10.4,-10.1,,
official_all,-10.41,-10.11,,
official_all,-10.43,-10.12,,
official_all,-10.45,-10.14,,
official_all,-10.47,-10.14,,
official_all,-10.49,-10.16,,
official_all,-10.5,-10.18,,
official_all,-10.53,-10.21,,
official_all,-10.55,-10.23,,
official_all,-10.58,-10.25,,
official_all,-10.59,-10.27,,
official_all,-10.64,-10.28,,
official_all,-10.66,-10.3,,
official_all,-10.68,-10.32,,
official_all,-10.7,-10.33,,
official_all,-10.71,-10.34,,
official_all,-10.73,-10.35,,
official_all,-10.75,-10.34,,
official_all,-10.77,-10.36,,
official_all,-10.78,-10.36,,
official_all,-10.68,-9.86,,
official_all,-9.88,-9.45,,
official_all,-10.09,-9.66,,
official_all,-10.29,-9.86,,
official_all,-10.46,-9.99,,
official_all,-10.6,-10.12,,
official_all,-10.73,-10.21,,
official_all,-10.85,-10.3,,
official_all,-10.94,-10.37,,
official_all,-11.04,-10.42,,
official_all,-11.13,-10.46,,
official_all,-11.2,-10.48,,
official_all,-11.26,-10.5,,
official_all,-11.33,-10.55,,
official_all,-11.4,-10.58,,
official_all,-9.79,-9.67,,
official_all,-9.84,-9.76,,
official_all,-10.01,-9.83,,
official_all,-10.19,-9.9,,
official_all,-10.34,-9.98,,
official_all,-10.46,-10.08,,
official_all,-10.57,-10.14,,
official_all,-10.66,-10.19,,
official_all,-10.74,-10.24,,
official_all,-10.81,-10.29,,
official_all,-10.88,-10.33,,
official_all,-10.93,-10.35,,
official_all,-10.98,-10.38,,
official_all,-11.03,-10.41,,
official_all,-11.08,-10.43,,
official_all,-11.12,-10.46,,
official_all,-11.16,-10.5,,
official_all,-11.2,-10.53,,
official_all,-11.24,-10.53,,
official_all,-11.28,-10.56,,
official_all,-11.31,-10.59,,
official_all,-11.35,-10.61,,
official_all,-11.38,-10.63,,
official_all,-11.42,-10.65,,
official_all,-11.45,-10.66,,
official_all,-11.48,-10.69,,
official_all,-11.51,-10.69,,
official_all,-11.54,-10.71,,
official_all,-11.57,-10.7,,
official_all,-11.6,-10.74,,
official_all,-9.0,-9.13,,
official_all,-9.16,-9.11,,
official_all,-9.29,-9.23,,
official_all,-9.39,-9.36,,
official_all,-9.48,-9.46,,
official_all,-9.55,-9.56,,
official_all,-9.61,-9.62,,
official_all,-9.67,-9.62,,
official_all,-9.74,-9.67,,
official_all,-9.79,-9.74,,
official_all,-9.84,-9.74,,
official_all,-9.88,-9.8,,
official_all,-9.92,-9.83,,
official_all,-9.95,-9.89,,
official_all,-9.97,-9.89,,
official_all,-10.0,-9.91,,
official_all,-10.04,-9.94,,
official_all,-10.07,-9.95,,
official_all,-10.16,-10.03,,
official_all,-10.28,-10.09,,
official_all,-10.4,-10.15,,
official_all,-10.5,-10.23,,
official_all,-10.57,-10.27,,
official_all,-10.08,-9.92,,
official_all,-10.03,-9.73,,
official_all,-9.98,-9.57,,
official_all,-10.04,-9.58,,
official_all,-10.08,-9.66,,
official_all,-10.11,-9.72,,
official_all,-10.12,-9.72,,
official_all,-10.12,-9.68,,
official_all,-10.1,-9.66,,
official_all,-10.09,-9.68,,
official_all,-10.08,-9.69,,
official_all,-10.07,-9.72,,
official_all,-10.08,-9.74,,
official_all,-10.1,-9.79,,
official_all,-10.13,-9.83,,
official_all,-10.17,-9.88,,
official_all,-10.21,-9.92,,
official_all,-10.23,-9.9,,
official_all,-10.25,-9.94,,
official_all,-10.4,-10.06,,
official_all,-10.55,-10.17,,
official_all,-10.59,-10.19,,
official_all,-10.63,-10.2,,
official_all,-10.67,-10.22,,
official_all,-10.71,-10.24,,
official_all,-10.76,-10.25,,
official_all,-10.8,-10.28,,
official_all,-10.84,-10.29,,
official_all,-10.88,-10.3,,
official_all,-10.92,-10.31,,
official_all,-10.96,-10.34,,
official_all,-10.99,-10.35,,
official_all,-11.03,-10.36,,
official_all,-11.06,-10.37,,
official_all,-11.09,-10.41,,
official_all,-11.12,-10.44,,
official_all,-11.15,-10.48,,
official_all,-11.18,-10.5,,
official_all,-11.2,-10.54,,
official_all,-11.21,-10.53,,
official_all,-11.26,-10.53,,
official_all,-11.3,-10.57,,
official_all,-11.33,-10.54,,
official_all,-11.36,-10.59,,
official_all,-9.85,-9.34,,
official_all,-9.94,-9.39,,
official_all,-10.02,-9.4,,
official_all,-10.07,-9.43,,
official_all,-10.1,-9.46,,
official_all,-10.11,-9.48,,
official_all,-10.12,-9.48,,
official_all,-10.14,-9.51,,
official_all,-10.14,-9.54,,
official_all,-10.14,-9.54,,
official_all,-10.14,-9.57,,
official_all,-10.16,-9.6,,
official_all,-10.17,-9.63,,
official_all,-10.19,-9.65,,
official_all,-10.2,-9.68,,
official_all,-10.23,-9.72,,
official_all,-10.25,-9.75,,
official_all,-10.27,-9.78,,
official_all,-10.29,-9.8,,
official_all,-10.32,-9.83,,
official_all,-10.35,-9.85,,
official_all,-10.38,-9.84,,
official_all,-10.4,-9.87,,
official_all,-10.42,-9.89,,
official_all,-10.44,-9.9,,
official_all,-10.46,-9.91,,
official_all,-10.48,-9.91,,
official_all,-10.5,-9.94,,
official_all,-10.52,-9.96,,
official_all,-10.55,-9.96,,
official_all,-10.62,-10.02,,
official_all,-10.69,-10.07,,
official_all,-10.74,-10.12,,
official_all,-9.99,-9.53,,
official_all,-10.03,-9.68,,
official_all,-10.08,-9.75,,
official_all,-10.15,-9.85,,
official_all,-10.26,-9.94,,
official_all,-10.34,-10.01,,
official_all,-10.42,-10.06,,
official_all,-10.49,-10.14,,
official_all,-10.59,-10.19,,
official_all,-10.66,-10.21,,
official_all,-10.7,-10.29,,
official_all,-10.77,-10.34,,
official_all,-10.82,-10.38,,
official_all,-10.89,-10.42,,
official_all,-10.94,-10.42,,
official_all,-11.0,-10.45,,
official_all,-11.04,-10.48,,
official_all,-11.09,-10.5,,
official_all,-11.12,-10.53,,
official_all,-10.34,-10.06,,
official_all,-10.33,-10.07,,
official_all,-10.36,-10.24,,
official_all,-10.4,-10.32,,
official_all,-10.44,-10.36,,
official_all,-10.47,-10.38,,
official_all,-10.51,-10.35,,
official_all,-10.54,-10.37,,
official_all,-10.57,-10.4,,
official_all,-10.63,-10.35,,
official_all,-10.7,-10.31,,
official_all,-10.78,-10.3,,
official_all,-10.82,-10.34,,
official_all,-10.87,-10.38,,
official_all,-10.93,-10.39,,
official_all,-10.99,-10.39,,
official_all,-11.05,-10.42,,
official_all,-11.11,-10.45,,
official_all,-11.14,-10.48,,
official_all,-11.18,-10.51,,
official_all,-11.22,-10.55,,
official_all,-11.27,-10.6,,
official_all,-11.31,-10.63,,
official_all,-9.19,-8.98,,
official_all,-9.52,-9.28,,
official_all,-9.68,-9.46,,
official_all,-9.78,-9.59,,
official_all,-9.87,-9.68,,
official_all,-9.92,-9.74,,
official_all,-9.95,-9.82,,
official_all,-9.99,-9.9,,
official_all,-10.07,-9.96,,
official_all,-10.13,-10.03,,
official_all,-10.21,-10.09,,
official_all,-10.31,-10.17,,
official_all,-10.41,-10.24,,
official_all,-10.51,-10.33,,
official_all,-10.59,-10.4,,
official_all,-10.68,-10.43,,
official_all,-10.75,-10.46,,
official_all,-10.82,-10.49,,
official_all,-10.88,-10.5,,
official_all,-9.18,-9.23,,
official_all,-9.28,-9.32,,
official_all,-9.35,-9.38,,
official_all,-9.47,-9.48,,
official_all,-9.55,-9.57,,
official_all,-9.62,-9.61,,
official_all,-9.67,-9.64,,
official_all,-9.7,-9.68,,
official_all,-9.76,-9.73,,
official_all,-9.81,-9.76,,
official_all,-9.86,-9.8,,
official_all,-10.05,-9.92,,
official_all,-10.21,-10.02,,
official_all,-10.34,-10.11,,
official_all,-10.49,-10.19,,
official_all,-10.62,-10.27,,
official_all,-10.73,-10.35,,
official_all,-10.82,-10.42,,
official_all,-10.9,-10.47,,
official_all,-10.97,-10.52,,
official_all,-11.04,-10.55,,
official_all,-11.1,-10.58,,
official_all,-11.15,-10.62,,
official_all,-11.19,-10.65,,
official_all,-11.24,-10.67,,
official_all,-11.29,-10.72,,
official_all,-11.34,-10.76,,
official_all,-8.6,-8.74,,
official_all,-9.1,-9.19,,
official_all,-9.39,-9.38,,
official_all,-9.62,-9.52,,
official_all,-9.81,-9.62,,
official_all,-9.94,-9.7,,
official_all,-10.12,-9.82,,
official_all,-10.26,-9.91,,
official_all,-10.39,-9.98,,
official_all,-10.49,-10.05,,
official_all,-10.58,-10.1,,
official_all,-10.63,-10.14,,
official_all,-10.7,-10.18,,
official_all,-10.76,-10.23,,
official_all,-10.83,-10.27,,
official_all,-10.91,-10.35,,
official_all,-10.97,-10.41,,
official_all,-11.04,-10.48,,
official_all,-11.09,-10.49,,
official_all,-11.15,-10.52,,
official_all,-11.2,-10.54,,
official_all,-11.24,-10.55,,
official_all,-8.66,-8.75,,
official_all,-8.86,-8.94,,
official_all,-9.02,-9.05,,
official_all,-9.11,-9.1,,
official_all,-9.18,-9.18,,
official_all,-9.24,-9.19,,
official_all,-9.31,-9.26,,
official_all,-9.38,-9.31,,
official_all,-9.43,-9.36,,
official_all,-9.51,-9.41,,
official_all,-9.58,-9.47,,
official_all,-9.65,-9.51,,
official_all,-9.7,-9.56,,
official_all,-9.76,-9.6,,
official_all,-9.81,-9.64,,
official_all,-9.88,-9.67,,
official_all,-9.94,-9.7,,
official_all,-10.24,-10.06,,
official_all,-10.25,-10.04,,
official_all,-10.26,-10.07,,
official_all,-10.3,-10.12,,
official_all,-10.36,-10.16,,
official_all,-10.42,-10.21,,
official_all,-10.47,-10.24,,
official_all,-10.53,-10.26,,
official_all,-10.56,-10.27,,
official_all,-10.59,-10.29,,
official_all,-10.63,-10.31,,
official_all,-10.68,-10.34,,
official_all,-10.72,-10.35,,
official_all,-10.76,-10.37,,
official_all,-10.8,-10.39,,
official_all,-10.85,-10.41,,
official_all,-10.88,-10.43,,
official_all,-10.91,-10.45,,
official_all,-10.93,-10.46,,
official_all,-10.96,-10.48,,
official_all,-10.99,-10.5,,
official_all,-11.0,-10.52,,
official_all,-11.02,-10.54,,
official_all,-11.04,-10.57,,
official_all,-11.05,-10.58,,
official_all,-11.07,-10.6,,
official_all,-11.09,-10.62,,
official_all,-11.11,-10.64,,
official_all,-11.13,-10.66,,
official_all,-9.2,-9.74,,
official_all,-9.22,-9.58,,
official_all,-9.29,-9.6,,
official_all,-9.44,-9.65,,
official_all,-9.57,-9.72,,
official_all,-9.68,-9.75,,
official_all,-9.78,-9.8,,
official_all,-9.86,-9.84,,
official_all,-9.95,-9.87,,
official_all,-10.04,-9.91,,
official_all,-10.11,-9.95,,
official_all,-10.18,-9.99,,
official_all,-10.24,-10.04,,
official_all,-10.31,-10.08,,
official_all,-10.36,-10.13,,
official_all,-10.42,-10.17,,
official_all,-10.47,-10.19,,
official_all,-10.51,-10.21,,
official_all,-10.66,-10.14,,
official_all,-10.74,-10.17,,
official_all,-10.74,-10.16,,
official_all,-10.75,-10.21,,
official_all,-10.76,-10.25,,
official_all,-10.77,-10.27,,
official_all,-10.78,-10.29,,
official_all,-10.78,-10.32,,
official_all,-10.83,-10.35,,
official_all,-10.88,-10.42,,
official_all,-10.92,-10.46,,
official_all,-10.99,-10.49,,
official_all,-11.05,-10.53,,
official_all,-11.11,-10.57,,
official_all,-11.14,-10.59,,
official_all,-11.2,-10.6,,
official_all,-11.25,-10.64,,
official_all,-11.28,-10.67,,
official_all,-11.33,-10.68,,
official_all,-11.38,-10.69,,
official_all,-9.63,-9.64,,
official_all,-9.73,-9.64,,
official_all,-9.83,-9.73,,
official_all,-9.91,-9.82,,
official_all,-10.05,-9.93,,
official_all,-10.18,-10.02,,
official_all,-10.3,-10.09,,
official_all,-10.41,-10.16,,
official_all,-10.49,-10.21,,
official_all,-10.58,-10.26,,
official_all,-10.66,-10.28,,
official_all,-10.71,-10.31,,
official_all,-10.78,-10.34,,
official_all,-10.85,-10.37,,
official_all,-10.91,-10.4,,
official_all,-10.97,-10.43,,
official_all,-9.44,-9.4,,
official_all,-9.89,-9.63,,
official_all,-10.21,-9.87,,
official_all,-10.69,-10.3,,
official_all,-10.0,-9.75,,
official_all,-10.07,-9.69,,
official_all,-10.06,-9.68,,
official_all,-10.0,-9.69,,
official_all,-9.98,-9.72,,
official_all,-9.99,-9.76,,
official_all,-10.08,-9.8,,
official_all,-10.15,-9.86,,
official_all,-10.24,-9.91,,
official_all,-10.33,-9.94,,
official_all,-10.4,-9.98,,
official_all,-10.46,-10.02,,
official_all,-10.51,-10.07,,
official_all,-10.56,-10.11,,
official_all,-10.62,-10.16,,
official_all,-10.66,-10.19,,
official_all,-10.7,-10.23,,
official_all,-10.74,-10.23,,
official_all,-10.79,-10.26,,
official_all,-10.83,-10.32,,
official_all,-10.88,-10.4,,
official_all,-10.92,-10.41,,
official_all,-10.96,-10.43,,
official_all,-11.0,-10.44,,
official_all,-9.82,-9.77,,
official_all,-9.74,-9.79,,
official_all,-9.78,-9.83,,
official_all,-9.93,-9.91,,
official_all,-10.05,-10.0,,
official_all,-10.15,-10.09,,
official_all,-10.28,-10.17,,
official_all,-10.38,-10.23,,
official_all,-10.48,-10.3,,
official_all,-10.57,-10.31,,
official_all,-10.67,-10.34,,
official_all,-9.8,-9.92,,
official_all,-9.91,-9.82,,
official_all,-9.99,-9.84,,
official_all,-10.04,-9.91,,
official_all,-10.14,-9.97,,
official_all,-10.27,-10.01,,
official_all,-11.03,-10.69,,
official_all,-11.0,-10.66,,
official_all,-10.05,-9.9,,
official_all,-10.15,-9.92,,
official_all,-10.11,-9.92,,
official_all,-10.13,-10.02,,
official_all,-10.26,-10.13,,
official_all,-10.38,-10.21,,
official_all,-9.82,-9.64,,
official_all,-9.85,-9.7,,
official_all,-9.89,-9.75,,
official_all,-9.93,-9.8,,
official_all,-9.97,-9.83,,
official_all,-10.03,-9.87,,
official_all,-10.09,-9.92,,
official_all,-10.16,-9.96,,
official_all,-10.23,-10.0,,
official_all,-10.3,-10.03,,
official_all,-10.35,-10.06,,
official_all,-10.4,-10.08,,
official_all,-10.45,-10.13,,
official_all,-10.5,-10.24,,
official_all,-10.54,-10.27,,
official_all,-10.59,-10.27,,
official_all,-10.63,-10.28,,
official_all,-10.67,-10.3,,
official_all,-10.71,-10.32,,
official_all,-10.75,-10.34,,
official_all,-10.78,-10.34,,
official_all,-10.81,-10.34,,
official_all,-10.84,-10.35,,
official_all,-10.87,-10.37,,
official_all,-10.9,-10.39,,
official_all,-10.92,-10.39,,
official_all,-10.94,-10.4,,
official_all,-10.97,-10.4,,
official_all,-10.99,-10.4,,
official_all,-11.01,-10.4,,
official_all,-11.04,-10.42,,
official_all,-11.06,-10.43,,
official_all,-11.09,-10.44,,
official_all,-11.11,-10.46,,
official_all,-11.13,-10.49,,
official_all,-11.15,-10.52,,
official_all,-10.37,-10.19,,
official_all,-10.42,-10.18,,
official_all,-10.48,-10.17,,
official_all,-10.53,-10.15,,
official_all,-10.57,-10.13,,
official_all,-10.6,-10.16,,
official_all,-10.65,-10.22,,
official_all,-10.72,-10.28,,
official_all,-10.79,-10.34,,
official_all,-10.08,-9.66,,
official_all,-10.15,-9.79,,
official_all,-10.27,-9.88,,
official_all,-10.39,-9.98,,
official_all,-10.55,-10.09,,
official_all,-10.7,-10.23,,
official_all,-10.82,-10.28,,
official_all,-10.93,-10.34,,
official_all,-11.02,-10.4,,
official_all,-10.45,-10.0,,
official_all,-10.46,-10.0,,
official_all,-10.47,-10.02,,
official_all,-10.51,-10.05,,
official_all,-10.48,-10.08,,
official_all,-10.48,-10.1,,
official_all,-10.55,-10.11,,
official_all,-10.63,-10.13,,
official_all,-10.72,-10.18,,
official_all,-9.71,-9.52,,
official_all,-9.83,-9.59,,
official_all,-9.91,-9.66,,
official_all,-9.95,-9.73,,
official_all,-10.02,-9.81,,
official_all,-10.09,-9.88,,
official_all,-10.18,-9.93,,
official_all,-10.28,-10.02,,
official_all,-9.62,-9.55,,
official_all,-9.67,-9.58,,
official_all,-9.72,-9.67,,
official_all,-9.86,-9.74,,
official_all,-9.97,-9.8,,
official_all,-10.08,-9.84,,
official_all,-10.68,-10.34,,
official_all,-10.64,-10.17,,
official_all,-10.59,-10.02,,
official_all,-10.55,-10.07,,
official_all,-10.52,-10.09,,
official_all,-10.53,-10.1,,
official_all,-10.55,-10.11,,
official_all,-10.58,-10.13,,
official_all,-10.63,-10.16,,
official_all,-10.66,-10.2,,
official_all,-10.7,-10.24,,
official_all,-10.74,-10.27,,
official_all,-10.79,-10.3,,
official_all,-10.86,-10.33,,
official_all,-10.91,-10.35,,
official_all,-10.97,-10.39,,
official_all,-9.41,-9.41,,
official_all,-9.68,-9.55,,
official_all,-9.84,-9.63,,
official_all,-10.04,-9.78,,
official_all,-10.2,-9.9,,
official_all,-10.35,-9.98,,
official_all,-10.5,-10.06,,
official_all,-10.63,-10.17,,
official_all,-10.73,-10.24,,
official_all,-10.81,-10.32,,
official_all,-10.03,-9.74,,
official_all,-10.08,-9.73,,
official_all,-10.11,-9.76,,
official_all,-10.09,-9.8,,
official_all,-10.05,-9.86,,
official_all,-10.05,-9.89,,
official_all,-10.08,-9.93,,
official_all,-10.11,-9.96,,
official_all,-10.14,-10.01,,
official_all,-10.21,-10.05,,
official_all,-10.27,-10.09,,
official_all,-10.04,-9.98,,
official_all,-10.28,-10.08,,
official_all,-10.47,-10.14,,
official_all,-10.64,-10.23,,
official_all,-10.78,-10.33,,
official_all,-10.91,-10.44,,
official_all,-11.04,-10.53,,
official_all,-11.61,-10.83,,
official_all,-11.68,-10.88,,
official_all,-11.74,-10.95,,
official_all,-11.22,-10.59,,
official_all,-11.34,-10.62,,
official_all,-11.45,-10.68,,
official_all,-11.54,-10.78,,
official_all,-11.61,-10.83,,
official_all,-11.67,-10.78,,
official_all,-11.73,-10.79,,
official_all,-11.75,-10.82,,
official_all,-11.76,-10.77,,
official_all,-11.76,-10.76,,
official_all,-11.79,-10.77,,
official_all,-11.83,-10.8,,
official_all,-11.84,-10.81,,
official_all,-11.87,-10.82,,
official_all,-11.89,-10.83,,
official_all,-11.93,-10.84,,
official_all,-11.97,-10.87,,
official_all,-12.02,-10.91,,
official_all,-12.06,-10.91,,
official_all,-10.05,-10.02,,
official_all,-10.08,-10.01,,
official_all,-10.13,-10.01,,
official_all,-10.19,-10.0,,
official_all,-10.3,-10.09,,
official_all,-10.39,-10.17,,
official_all,-10.46,-10.25,,
official_all,-10.56,-10.37,,
official_all,-10.84,-10.44,,
official_all,-11.04,-10.48,,
official_all,-11.12,-10.51,,
official_all,-11.19,-10.56,,
official_all,-8.97,-8.92,,
official_all,-9.01,-8.92,,
official_all,-9.04,-8.95,,
official_all,-9.09,-9.02,,
official_all,-9.14,-9.05,,
official_all,-9.18,-9.08,,
official_all,-9.2,-9.11,,
official_all,-9.23,-9.14,,
official_all,-9.24,-9.15,,
official_all,-9.26,-9.16,,
official_all,-9.29,-9.2,,
official_all,-9.33,-9.24,,
official_all,-9.36,-9.27,,
official_all,-9.38,-9.31,,
official_all,-9.4,-9.32,,
official_all,-9.42,-9.35,,
official_all,-9.44,-9.37,,
official_all,-9.46,-9.38,,
official_all,-9.47,-9.39,,
official_all,-9.49,-9.41,,
official_all,-9.5,-9.42,,
official_all,-9.52,-9.44,,
official_all,-9.54,-9.45,,
official_all,-9.57,-9.47,,
official_all,-9.63,-9.5,,
official_all,-9.65,-9.52,,
official_all,-9.7,-9.56,,
official_all,-9.73,-9.57,,
official_all,-9.81,-9.62,,
official_all,-10.07,-9.79,,
official_all,-10.24,-9.89,,
official_all,-10.39,-9.99,,
official_all,-10.51,-10.05,,
official_all,-10.64,-10.11,,
official_all,-10.26,-10.01,,
official_all,-10.3,-10.02,,
official_all,-10.35,-9.97,,
official_all,-10.35,-10.0,,
official_all,-10.33,-9.98,,
official_all,-10.3,-9.97,,
official_all,-10.29,-9.97,,
official_all,-10.28,-9.99,,
official_all,-10.28,-9.96,,
official_all,-10.28,-9.96,,
official_all,-10.28,-9.97,,
official_all,-10.28,-9.98,,
official_all,-10.28,-9.98,,
official_all,-10.29,-9.99,,
official_all,-10.31,-10.0,,
official_all,-10.33,-10.01,,
official_all,-10.42,-10.06,,
official_all,-10.49,-10.1,,
official_all,-10.55,-10.13,,
official_all,-10.59,-10.15,,
official_all,-10.63,-10.18,,
official_all,-10.73,-10.25,,
official_all,-10.84,-10.33,,
official_all,-10.93,-10.38,,
official_all,-11.0,-10.42,,
official_all,-11.07,-10.46,,
official_all,-11.13,-10.52,,
official_all,-11.18,-10.56,,
official_all,-11.22,-10.6,,
official_all,-11.27,-10.64,,
official_all,-11.33,-10.66,,
official_all,-11.37,-10.68,,
official_all,-11.4,-10.71,,
official_all,-11.43,-10.72,,
official_all,-11.45,-10.74,,
official_all,-11.47,-10.76,,
official_all,-11.51,-10.79,,
official_all,-12.01,-11.11,,
official_all,-11.51,-10.83,,
official_all,-11.45,-10.73,,
official_all,-11.41,-10.68,,
official_all,-11.39,-10.64,,
official_all,-11.42,-10.65,,
official_all,-11.44,-10.59,,
official_all,-11.45,-10.6,,
official_all,-11.46,-10.61,,
official_all,-11.46,-10.6,,
official_all,-11.5,-10.6,,
official_all,-11.54,-10.62,,
official_all,-11.55,-10.61,,
official_all,-11.56,-10.61,,
official_all,-11.57,-10.61,,
official_all,-11.57,-10.61,,
official_all,-11.57,-10.61,,
official_all,-11.57,-10.6,,
official_all,-11.59,-10.62,,
official_all,-11.61,-10.64,,
official_all,-11.64,-10.64,,
official_all,-9.83,-9.4,,
official_all,-9.76,-9.44,,
official_all,-9.97,-9.74,,
official_all,-10.21,-9.93,,
official_all,-10.39,-10.08,,
official_all,-10.58,-10.18,,
official_all,-10.71,-10.27,,
official_all,-10.81,-10.34,,
official_all,-10.91,-10.4,,
official_all,-11.01,-10.5,,
official_all,-10.47,-10.29,,
official_all,-10.45,-10.26,,
official_all,-10.43,-10.21,,
official_all,-10.41,-10.16,,
official_all,-10.39,-10.13,,
official_all,-10.38,-10.1,,
official_all,-10.36,-10.08,,
official_all,-10.33,-10.11,,
official_all,-10.3,-10.1,,
official_all,-10.27,-10.03,,
official_all,-10.24,-9.96,,
official_all,-10.2,-9.94,,
official_all,-10.18,-9.93,,
official_all,-10.16,-9.93,,
official_all,-10.14,-9.92,,
official_all,-10.12,-9.91,,
official_all,-10.11,-9.9,,
official_all,-10.11,-9.89,,
official_all,-10.18,-9.93,,
official_all,-10.24,-9.92,,
official_all,-10.29,-9.98,,
official_all,-9.06,-8.91,,
official_all,-9.11,-9.06,,
official_all,-9.18,-9.12,,
official_all,-9.22,-9.16,,
official_all,-9.28,-9.29,,
official_all,-9.35,-9.35,,
official_all,-9.42,-9.36,,
official_all,-9.48,-9.42,,
official_all,-9.54,-9.5,,
official_all,-9.59,-9.6,,
official_all,-9.64,-9.63,,
official_all,-9.67,-9.58,,
official_all,-9.69,-9.64,,
official_all,-9.8,-9.72,,
official_all,-9.85,-9.69,,
official_all,-9.89,-9.7,,
official_all,-9.97,-9.76,,
official_all,-10.08,-9.84,,
official_all,-10.15,-9.9,,
official_all,-10.24,-9.98,,
official_all,-10.32,-10.06,,
official_all,-10.4,-10.12,,
official_all,-10.47,-10.18,,
official_all,-10.6,-10.33,,
official_all,-11.15,-10.09,,
official_all,-11.24,-10.17,,
official_all,-11.31,-10.25,,
official_all,-11.35,-10.26,,
official_all,-11.39,-10.28,,
official_all,-11.42,-10.35,,
official_all,-11.46,-10.38,,
official_all,-11.5,-10.39,,
official_all,-11.59,-10.45,,
official_all,-11.62,-10.5,,
official_all,-11.64,-10.49,,
official_all,-11.64,-10.53,,
official_all,-11.65,-10.58,,
official_all,-11.67,-10.57,,
official_all,-11.69,-10.57,,
official_all,-11.7,-10.58,,
official_all,-11.71,-10.6,,
official_all,-11.72,-10.59,,
official_all,-11.73,-10.59,,
official_all,-11.74,-10.61,,
official_all,-11.76,-10.62,,
official_all,-9.13,-9.26,,
official_all,-9.22,-9.26,,
official_all,-9.29,-9.3,,
official_all,-9.34,-9.22,,
official_all,-9.34,-9.26,,
official_all,-9.31,-9.29,,
official_all,-9.32,-9.29,,
official_all,-9.34,-9.33,,
official_all,-9.38,-9.37,,
official_all,-9.45,-9.4,,
official_all,-9.59,-9.51,,
official_all,-9.73,-9.61,,
official_all,-9.86,-9.69,,
official_all,-9.97,-9.76,,
official_all,-10.07,-9.82,,
official_all,-10.16,-9.87,,
official_all,-10.23,-9.92,,
official_all,-10.3,-9.96,,
official_all,-10.37,-10.0,,
official_all,-10.43,-10.05,,
official_all,-10.49,-10.09,,
official_all,-10.55,-10.13,,
official_all,-10.61,-10.16,,
official_all,-10.66,-10.18,,
official_all,-10.71,-10.21,,
official_all,-10.75,-10.24,,
official_all,-10.8,-10.26,,
official_all,-10.84,-10.3,,
official_all,-10.88,-10.33,,
official_all,-10.91,-10.36,,
official_all,-10.95,-10.35,,
official_all,-10.98,-10.38,,
official_all,-9.3,-9.12,,
official_all,-9.35,-9.12,,
official_all,-9.41,-9.14,,
official_all,-9.45,-9.17,,
official_all,-9.49,-9.2,,
official_all,-9.53,-9.23,,
official_all,-9.56,-9.25,,
official_all,-9.59,-9.26,,
official_all,-9.62,-9.29,,
official_all,-9.64,-9.31,,
official_all,-9.66,-9.32,,
official_all,-9.68,-9.34,,
official_all,-9.7,-9.37,,
official_all,-9.71,-9.38,,
official_all,-9.73,-9.39,,
official_all,-9.75,-9.4,,
official_all,-9.77,-9.43,,
official_all,-9.79,-9.44,,
official_all,-9.81,-9.45,,
official_all,-9.83,-9.47,,
official_all,-9.85,-9.49,,
official_all,-9.87,-9.5,,
official_all,-9.88,-9.51,,
official_all,-9.9,-9.53,,
official_all,-9.95,-9.56,,
official_all,-10.07,-9.64,,
official_all,-10.19,-9.73,,
official_all,-10.29,-9.8,,
official_all,-10.37,-9.85,,
official_all,-10.43,-9.89,,
official_all,-10.49,-9.94,,
official_all,-10.57,-9.98,,
official_all,-10.65,-10.03,,
official_all,-10.71,-10.05,,
official_all,-10.76,-10.09,,
official_all,-10.8,-10.12,,
official_all,-10.84,-10.15,,
official_all,-10.87,-10.2,,
official_all,-10.9,-10.23,,
official_all,-10.94,-10.26,,
official_all,-10.98,-10.27,,
official_all,-11.02,-10.28,,
official_all,-11.06,-10.28,,
official_all,-11.1,-10.29,,
official_all,-11.13,-10.32,,
official_all,-11.15,-10.33,,
official_all,-11.17,-10.33,,
official_all,-11.18,-10.35,,
official_all,-11.2,-10.36,,
official_all,-11.22,-10.36,,
official_all,-9.53,-9.4,,
official_all,-9.78,-9.6,,
official_all,-10.09,-9.8,,
official_all,-10.27,-9.95,,
official_all,-10.49,-10.18,,
official_all,-10.65,-10.17,,
official_all,-10.8,-10.34,,
official_all,-10.92,-10.5,,
official_all,-11.13,-10.54,,
official_all,-11.21,-10.61,,
official_all,-11.29,-10.67,,
official_all,-10.11,-9.81,,
official_all,-10.0,-9.77,,
official_all,-9.94,-9.72,,
official_all,-9.93,-9.67,,
official_all,-9.95,-9.67,,
official_all,-9.97,-9.66,,
official_all,-10.0,-9.68,,
official_all,-10.02,-9.73,,
official_all,-10.04,-9.75,,
official_all,-10.05,-9.76,,
official_all,-10.06,-9.75,,
official_all,-10.06,-9.75,,
official_all,-10.07,-9.77,,
official_all,-10.07,-9.77,,
official_all,-10.06,-9.77,,
official_all,-10.06,-9.8,,
official_all,-10.07,-9.8,,
official_all,-10.07,-9.81,,
official_all,-10.07,-9.82,,
official_all,-10.07,-9.84,,
official_all,-10.09,-9.86,,
official_all,-10.11,-9.88,,
official_all,-10.13,-9.91,,
official_all,-10.15,-9.92,,
official_all,-10.17,-9.93,,
official_all,-10.19,-9.95,,
official_all,-10.21,-9.96,,
official_all,-10.23,-9.96,,
official_all,-10.24,-9.96,,
official_all,-10.26,-9.98,,
official_all,-10.27,-10.0,,
official_all,-10.28,-9.99,,
official_all,-10.28,-9.97,,
official_all,-10.29,-9.96,,
official_all,-10.3,-9.96,,
official_all,-10.31,-9.95,,
official_all,-10.32,-9.94,,
official_all,-10.34,-9.95,,
official_all,-10.39,-10.0,,
official_all,-10.45,-10.02,,
official_all,-10.5,-10.04,,
official_all,-10.56,-10.07,,
official_all,-10.61,-10.1,,
official_all,-10.66,-10.13,,
official_all,-10.7,-10.16,,
official_all,-10.74,-10.19,,
official_all,-10.77,-10.21,,
official_all,-10.8,-10.23,,
official_all,-10.83,-10.25,,
official_all,-10.86,-10.28,,
official_all,-10.88,-10.3,,
official_all,-10.91,-10.31,,
official_all,-10.93,-10.32,,
official_all,-10.95,-10.34,,
official_all,-10.98,-10.34,,
official_all,-11.0,-10.35,,
official_all,-11.03,-10.37,,
official_all,-11.06,-10.38,,
official_all,-11.08,-10.4,,
official_all,-11.11,-10.41,,
official_all,-11.13,-10.42,,
official_all,-11.16,-10.44,,
official_all,-11.18,-10.45,,
official_all,-11.21,-10.46,,
official_all,-11.24,-10.46,,
official_all,-11.27,-10.47,,
official_all,-11.29,-10.49,,
official_all,-11.32,-10.52,,
official_all,-11.34,-10.52,,
official_all,-11.36,-10.52,,
official_all,-11.37,-10.54,,
official_all,-11.39,-10.55,,
official_all,-9.88,-9.87,,
official_all,-10.04,-9.87,,
official_all,-10.12,-9.81,,
official_all,-10.17,-9.87,,
official_all,-10.23,-9.97,,
official_all,-10.29,-9.97,,
official_all,-10.35,-10.08,,
official_all,-10.38,-10.05,,
official_all,-10.46,-10.14,,
official_all,-10.52,-10.22,,
official_all,-10.58,-10.26,,
official_all,-10.65,-10.29,,
official_all,-10.7,-10.32,,
official_all,-10.76,-10.36,,
official_all,-10.81,-10.38,,
official_all,-10.85,-10.41,,
official_all,-10.89,-10.43,,
official_all,-10.93,-10.46,,
official_all,-10.96,-10.49,,
official_all,-10.99,-10.51,,
official_all,-11.02,-10.53,,
official_all,-11.04,-10.56,,
official_all,-10.48,-10.26,,
official_all,-10.49,-10.24,,
official_all,-10.55,-10.28,,
official_all,-10.61,-10.31,,
official_all,-10.67,-10.32,,
official_all,-10.78,-10.34,,
official_all,-10.86,-10.35,,
official_all,-10.92,-10.36,,
official_all,-10.98,-10.43,,
official_all,-11.05,-10.48,,
official_all,-11.11,-10.52,,
official_all,-11.16,-10.59,,
official_all,-11.2,-10.61,,
official_all,-11.24,-10.64,,
official_all,-11.28,-10.65,,
official_all,-11.31,-10.68,,
official_all,-11.35,-10.68,,
official_all,-11.39,-10.66,,
official_all,-11.41,-10.69,,
official_all,-11.46,-10.7,,
official_all,-11.5,-10.69,,
official_all,-11.56,-10.7,,
official_all,-11.59,-10.74,,
official_all,-11.62,-10.76,,
official_all,-11.66,-10.78,,
official_all,-11.7,-10.78,,
official_all,-11.75,-10.79,,
official_all,-11.76,-10.79,,
official_all,-11.79,-10.81,,
official_all,-11.82,-10.82,,
official_all,-11.82,-10.81,,
official_all,-11.76,-10.82,,
official_all,-11.76,-10.85,,
official_all,-11.73,-10.85,,
official_all,-11.69,-10.85,,
official_all,-8.73,-8.71,,
official_all,-9.05,-9.29,,
official_all,-9.15,-9.35,,
official_all,-9.32,-9.41,,
official_all,-9.46,-9.5,,
official_all,-9.58,-9.57,,
official_all,-9.68,-9.63,,
official_all,-9.77,-9.68,,
official_all,-9.84,-9.73,,
official_all,-9.93,-9.77,,
official_all,-10.0,-9.8,,
official_all,-10.06,-9.85,,
official_all,-10.12,-9.9,,
official_all,-10.17,-9.94,,
official_all,-10.22,-9.97,,
official_all,-10.28,-10.01,,
official_all,-10.33,-10.06,,
official_all,-10.38,-10.09,,
official_all,-9.33,-9.38,,
official_all,-9.34,-9.38,,
official_all,-9.35,-9.16,,
official_all,-9.38,-9.21,,
official_all,-9.44,-9.28,,
official_all,-9.95,-9.79,,
official_all,-10.24,-10.03,,
official_all,-10.43,-10.2,,
official_all,-10.55,-10.3,,
official_all,-10.69,-10.4,,
official_all,-10.84,-10.49,,
official_all,-10.96,-10.54,,
official_all,-11.04,-10.6,,
official_all,-10.78,-10.28,,
official_all,-10.8,-10.29,,
official_all,-10.81,-10.31,,
official_all,-10.84,-10.29,,
official_all,-10.87,-10.29,,
official_all,-10.92,-10.22,,
official_all,-10.96,-10.25,,
official_all,-11.0,-10.3,,
official_all,-11.04,-10.37,,
official_all,-11.08,-10.41,,
official_all,-11.11,-10.43,,
official_all,-11.18,-10.5,,
official_all,-11.27,-10.5,,
official_all,-11.3,-10.49,,
official_all,-11.35,-10.52,,
official_all,-11.4,-10.55,,
official_all,-10.07,-9.88,,
official_all,-10.34,-9.98,,
official_all,-10.52,-10.1,,
official_all,-10.68,-10.24,,
official_all,-10.79,-10.37,,
official_all,-10.86,-10.46,,
official_all,-10.93,-10.5,,
official_all,-11.01,-10.47,,
official_all,-11.05,-10.5,,
official_all,-11.08,-10.52,,
official_all,-11.12,-10.55,,
official_all,-11.16,-10.58,,
official_all,-11.21,-10.61,,
official_all,-11.26,-10.65,,
official_all,-11.31,-10.69,,
official_all,-11.36,-10.73,,
official_all,-11.4,-10.77,,
official_all,-11.44,-10.81,,
official_all,-11.5,-10.88,,
official_all,-11.55,-10.91,,
official_all,-11.59,-10.88,,
official_all,-11.64,-10.91,,
official_all,-11.12,-10.44,,
official_all,-11.04,-10.35,,
official_all,-11.02,-10.28,,
official_all,-11.03,-10.3,,
official_all,-11.03,-10.34,,
official_all,-11.03,-10.38,,
official_all,-11.03,-10.42,,
official_all,-11.03,-10.45,,
official_all,-11.05,-10.47,,
official_all,-11.07,-10.47,,
official_all,-11.07,-10.48,,
official_all,-11.07,-10.49,,
official_all,-11.07,-10.49,,
official_all,-11.07,-10.48,,
official_all,-11.07,-10.49,,
official_all,-11.07,-10.49,,
official_all,-11.07,-10.49,,
official_all,-11.08,-10.49,,
official_all,-11.08,-10.5,,
official_all,-11.09,-10.51,,
official_all,-11.11,-10.52,,
official_all,-11.14,-10.54,,
official_all,-11.17,-10.56,,
official_all,-11.21,-10.57,,
official_all,-11.25,-10.57,,
official_all,-11.29,-10.59,,
official_all,-10.76,-10.43,,
official_all,-10.77,-10.4,,
official_all,-10.78,-10.4,,
official_all,-10.8,-10.38,,
official_all,-10.81,-10.36,,
official_all,-10.86,-10.35,,
official_all,-10.91,-10.36,,
official_all,-10.95,-10.39,,
official_all,-11.0,-10.41,,
official_all,-11.05,-10.46,,
official_all,-11.1,-10.47,,
official_all,-11.21,-10.5,,
official_all,-11.24,-10.51,,
official_all,-11.28,-10.52,,
official_all,-11.34,-10.54,,
official_all,-11.36,-10.55,,
official_all,-10.81,-10.6,,
official_all,-10.82,-10.61,,
official_all,-10.84,-10.58,,
official_all,-10.85,-10.53,,
official_all,-10.86,-10.5,,
official_all,-10.88,-10.51,,
official_all,-10.91,-10.51,,
official_all,-10.93,-10.54,,
official_all,-10.96,-10.52,,
official_all,-10.98,-10.52,,
official_all,-11.01,-10.54,,
official_all,-11.03,-10.56,,
official_all,-11.05,-10.59,,
official_all,-11.08,-10.6,,
official_all,-11.12,-10.64,,
official_all,-11.16,-10.67,,
official_all,-11.2,-10.69,,
official_all,-11.23,-10.71,,
official_all,-11.25,-10.72,,
official_all,-11.26,-10.75,,
official_all,-10.42,-9.71,,
official_all,-10.4,-9.73,,
official_all,-10.39,-9.75,,
official_all,-10.38,-9.76,,
official_all,-10.37,-9.76,,
official_all,-10.36,-9.77,,
official_all,-10.36,-9.76,,
official_all,-10.36,-9.79,,
official_all,-10.37,-9.79,,
official_all,-10.37,-9.8,,
official_all,-10.39,-9.79,,
official_all,-10.4,-9.82,,
official_all,-10.42,-9.81,,
official_all,-10.43,-9.82,,
official_all,-10.44,-9.82,,
official_all,-10.46,-9.84,,
official_all,-11.03,-10.3,,
official_all,-11.18,-10.37,,
official_all,-11.33,-10.41,,
official_all,-11.45,-10.46,,
official_all,-11.29,-10.96,,
official_all,-11.26,-10.91,,
official_all,-11.25,-10.85,,
official_all,-11.24,-10.8,,
official_all,-11.24,-10.78,,
official_all,-11.28,-10.84,,
official_all,-11.32,-10.86,,
official_all,-11.4,-10.92,,
official_all,-9.33,-9.91,,
official_all,-9.49,-9.74,,
official_all,-9.61,-9.6,,
official_all,-9.68,-9.52,,
official_all,-9.73,-9.54,,
official_all,-9.8,-9.59,,
official_all,-9.86,-9.6,,
official_all,-9.9,-9.61,,
official_all,-9.92,-9.64,,
official_all,-9.94,-9.65,,
official_all,-9.96,-9.68,,
official_all,-9.99,-9.74,,
official_all,-10.01,-9.77,,
official_all,-10.04,-9.8,,
official_all,-10.07,-9.8,,
official_all,-10.11,-9.85,,
official_all,-10.14,-9.84,,
official_all,-10.16,-9.89,,
official_all,-10.17,-9.89,,
official_all,-10.21,-9.9,,
official_all,-10.24,-9.91,,
official_all,-10.26,-9.94,,
official_all,-10.29,-9.98,,
official_all,-10.32,-9.97,,
official_all,-10.36,-10.04,,
official_all,-10.4,-10.01,,
official_all,-10.44,-10.09,,
official_all,-10.47,-10.07,,
official_all,-10.48,-10.09,,
official_all,-10.53,-10.13,,
official_all,-10.56,-10.12,,
official_all,-11.76,-11.39,,
official_all,-11.56,-11.01,,
official_all,-11.55,-11.01,,
official_all,-11.55,-11.0,,
official_all,-11.57,-10.94,,
official_all,-11.61,-10.97,,
official_all,-11.54,-11.0,,
official_all,-11.52,-10.96,,
official_all,-11.52,-10.96,,
official_all,-11.51,-10.95,,
official_all,-11.5,-10.94,,
official_all,-11.49,-10.91,,
official_all,-11.47,-10.87,,
official_all,-11.48,-10.87,,
official_all,-11.49,-10.88,,
official_all,-11.49,-10.86,,
official_all,-11.48,-10.84,,
official_all,-11.48,-10.87,,
official_all,-11.52,-10.88,,
official_all,-11.52,-10.82,,
official_all,-11.5,-10.85,,
official_all,-11.5,-10.83,,
official_all,-11.18,-10.6,,
official_all,-11.21,-10.61,,
official_all,-11.25,-10.63,,
official_all,-11.25,-10.6,,
official_all,-11.31,-10.67,,
official_all,-11.33,-10.66,,
official_all,-11.33,-10.66,,
official_all,-11.39,-10.66,,
official_all,-11.55,-10.73,,
official_all,-11.61,-10.57,,
official_all,-11.62,-10.53,,
official_all,-11.59,-10.52,,
official_all,-11.58,-10.53,,
official_all,-11.55,-10.52,,
official_all,-11.53,-10.54,,
official_all,-11.52,-10.58,,
official_all,-11.41,-10.65,,
official_all,-11.45,-10.8,,
official_all,-10.93,-10.29,,
official_all,-11.05,-10.26,,
official_all,-11.11,-10.28,,
official_all,-11.14,-10.33,,
official_all,-11.16,-10.37,,
official_all,-11.19,-10.41,,
official_all,-11.21,-10.44,,
official_all,-11.24,-10.47,,
official_all,-11.25,-10.5,,
official_all,-11.25,-10.53,,
official_all,-11.25,-10.57,,
official_all,-11.26,-10.59,,
official_all,-11.26,-10.55,,
official_all,-11.3,-10.61,,
official_all,-11.34,-10.64,,
official_all,-11.42,-10.7,,
official_all,-11.55,-10.78,,
official_all,-9.88,-10.11,,
official_all,-10.04,-10.18,,
official_all,-10.26,-10.16,,
official_all,-10.33,-10.19,,
official_all,-10.53,-10.13,,
official_all,-10.64,-10.13,,
official_all,-10.74,-10.15,,
official_all,-10.87,-10.16,,
official_all,-11.07,-10.2,,
official_all,-11.19,-10.24,,
official_all,-11.46,-10.36,,
official_all,-11.09,-10.07,,
official_all,-11.1,-10.1,,
official_all,-11.14,-10.13,,
official_all,-11.19,-10.16,,
official_all,-11.16,-10.73,,
official_all,-11.09,-10.39,,
official_all,-11.1,-10.32,,
official_all,-11.12,-10.33,,
official_all,-11.13,-10.36,,
official_all,-11.15,-10.52,,
official_all,-11.22,-10.58,,
official_all,-11.26,-10.56,,
official_all,-11.46,-10.56,,
official_all,-11.45,-10.58,,
official_all,-11.48,-10.59,,
official_all,-9.86,-10.1,,
official_all,-9.95,-9.83,,
official_all,-10.0,-9.79,,
official_all,-9.99,-9.6,,
official_all,-9.95,-9.54,,
official_all,-9.94,-9.53,,
official_all,-9.95,-9.51,,
official_all,-9.95,-9.51,,
official_all,-9.97,-9.57,,
official_all,-9.99,-9.59,,
official_all,-10.03,-9.64,,
official_all,-10.07,-9.69,,
official_all,-10.11,-9.72,,
official_all,-10.17,-9.76,,
official_all,-10.22,-9.79,,
official_all,-10.25,-9.83,,
official_all,-10.28,-9.86,,
official_all,-10.34,-9.89,,
official_all,-10.39,-9.93,,
official_all,-10.45,-9.96,,
official_all,-10.51,-9.99,,
official_all,-10.55,-10.01,,
official_all,-10.59,-10.03,,
official_all,-10.63,-10.03,,
official_all,-10.67,-10.05,,
official_all,-10.71,-10.07,,
official_all,-10.75,-10.1,,
official_all,-10.79,-10.13,,
official_all,-11.16,-10.38,,
official_all,-10.99,-10.28,,
official_all,-11.02,-10.24,,
official_all,-11.09,-10.3,,
official_all,-11.17,-10.33,,
official_all,-11.47,-10.42,,
official_all,-10.62,-10.2,,
official_all,-10.51,-10.21,,
official_all,-10.47,-10.09,,
official_all,-10.62,-10.11,,
official_all,-10.64,-10.15,,
official_all,-10.65,-10.13,,
official_all,-10.67,-10.09,,
official_all,-10.77,-10.17,,
official_all,-10.86,-10.2,,
official_all,-10.95,-10.26,,
official_all,-10.99,-10.29,,
official_all,-11.02,-10.33,,
official_all,-11.06,-10.36,,
official_all,-11.14,-10.38,,
official_all,-10.45,-10.26,,
official_all,-10.48,-10.19,,
official_all,-10.55,-10.11,,
official_all,-10.6,-10.11,,
official_all,-10.62,-10.05,,
official_all,-10.61,-10.05,,
official_all,-10.58,-10.04,,
official_all,-10.54,-10.07,,
official_all,-10.56,-10.09,,
official_all,-10.61,-10.13,,
official_all,-10.68,-10.17,,
official_all,-10.74,-10.21,,
official_all,-11.39,-10.76,,
official_all,-11.38,-10.74,,
official_all,-11.39,-10.8,,
official_all,-11.43,-10.85,,
official_all,-11.5,-10.92,,
official_all,-11.6,-10.97,,
official_all,-11.72,-10.99,,
official_all,-10.79,-10.66,,
official_all,-10.87,-10.65,,
official_all,-10.97,-10.59,,
official_all,-11.0,-10.52,,
official_all,-11.06,-10.45,,
official_all,-11.12,-10.5,,
official_all,-11.18,-10.53,,
official_all,-11.23,-10.58,,
official_all,-10.99,-10.76,,
official_all,-10.97,-10.76,,
official_all,-10.98,-10.79,,
official_all,-11.02,-10.81,,
official_all,-11.06,-10.81,,
official_all,-11.09,-10.82,,
official_all,-11.13,-10.81,,
official_all,-11.17,-10.8,,
official_all,-11.2,-10.79,,
official_all,-11.24,-10.8,,
official_all,-11.26,-10.81,,
official_all,-11.29,-10.8,,
official_all,-11.3,-10.8,,
official_all,-11.32,-10.81,,
official_all,-11.33,-10.82,,
official_all,-11.34,-10.83,,
official_all,-11.35,-10.85,,
official_all,-11.37,-10.85,,
official_all,-11.4,-10.86,,
official_all,-11.43,-10.85,,
official_all,-11.47,-10.88,,
official_all,-11.51,-10.9,,
official_all,-11.56,-10.92,,
official_all,-11.6,-10.93,,
official_all,-11.64,-10.96,,
official_all,-11.68,-10.98,,
official_all,-11.28,-10.82,,
official_all,-11.35,-10.74,,
official_all,-11.4,-10.71,,
official_all,-11.45,-10.72,,
official_all,-11.48,-10.71,,
official_all,-11.49,-10.73,,
official_all,-11.54,-10.75,,
official_all,-11.62,-10.79,,
official_all,-11.69,-10.82,,
official_all,-11.77,-10.87,,
official_all,-11.84,-10.95,,
official_all,-11.05,-10.43,,
official_all,-11.05,-10.47,,
official_all,-11.08,-10.51,,
official_all,-10.93,-10.79,,
official_all,-10.98,-10.76,,
official_all,-11.07,-10.76,,
official_all,-11.14,-10.74,,
official_all,-11.22,-10.73,,
official_all,-11.3,-10.73,,
official_all,-11.37,-10.72,,
official_all,-11.44,-10.71,,
official_all,-11.51,-10.71,,
official_all,-11.58,-10.72,,
official_all,-11.64,-10.72,,
official_all,-11.71,-10.75,,
official_all,-11.77,-10.8,,
official_all,-11.82,-10.83,,
official_all,-11.68,-11.14,,
official_all,-11.76,-11.08,,
official_all,-11.87,-11.12,,
official_all,-11.98,-11.14,,
official_all,-12.08,-11.18,,
official_all,-11.35,-10.72,,
official_all,-11.37,-11.21,,
official_all,-11.54,-11.14,,
official_bins,-11.69,-10.75,75,
official_bins,-11.48,-10.7,191,
official_bins,-11.26,-10.57,308,
official_bins,-11.05,-10.43,323,
official_bins,-10.84,-10.31,283,
official_bins,-10.62,-10.17,229,
official_bins,-10.41,-10.03,242,
official_bins,-10.19,-9.9,229,
official_bins,-9.98,-9.76,204,
official_bins,-9.76,-9.6,177,
official_bins,-9.55,-9.44,137,
official_bins,-9.34,-9.29,104,
official_bins,-9.12,-9.11,85,
official_bins,-8.91,-8.9,43,
c4_bins,-11.69,-10.700827605134512,,0.0491723948654883
mond_bins,-11.69,-10.518376487120086,,0.23162351287991356
c4_bins,-11.48,-10.667722336190856,,0.03227766380914332
mond_bins,-11.48,-10.413424264898346,,0.28657573510165335
c4_bins,-11.26,-10.56453080779575,,0.0054691922042504615
mond_bins,-11.26,-10.309224022940404,,0.26077597705959654
c4_bins,-11.05,-10.453284316558198,,-0.023284316558198626
mond_bins,-11.05,-10.191387896602022,,0.238612103397978
c4_bins,-10.84,-10.311038474576387,,-0.0010384745763865055
mond_bins,-10.84,-10.07839583809372,,0.2316041619062812
c4_bins,-10.62,-10.199283424277251,,-0.029283424277251058
mond_bins,-10.62,-9.955207520042375,,0.21479247995762485
c4_bins,-10.41,-10.117658574764782,,-0.08765857476478267
mond_bins,-10.41,-9.829413560054622,,0.2005864399453774
c4_bins,-10.19,-10.011144407128127,,-0.11114440712812623
mond_bins,-10.19,-9.711749887542398,,0.18825011245760237
c4_bins,-9.98,-9.854063721002262,,-0.09406372100226257
mond_bins,-9.98,-9.577890339385657,,0.18210966061434242
c4_bins,-9.76,-9.69509420138641,,-0.09509420138641111
mond_bins,-9.76,-9.451172710034307,,0.14882728996569305
c4_bins,-9.55,-9.53006051652865,,-0.09006051652865033
mond_bins,-9.55,-9.308740281427305,,0.1312597185726947
c4_bins,-9.34,-9.312622812823042,,-0.022622812823042793
mond_bins,-9.34,-9.151165713892052,,0.13883428610794724
c4_bins,-9.12,-9.153268700292651,,-0.04326870029265173
mond_bins,-9.12,-9.015255591319244,,0.0947444086807554
