galaxy,morph_slice,n_points,surface_brightness_proxy,gas_fraction_proxy,luminosity_36e9_sol,delta_rmse_gmr_minus_nfw_kms
D564-8,low_mass_dwarf,6,10.11,0.467741935483871,0.033,-0.37906931738664773
D631-7,low_mass_dwarf,16,20.93,0.5967078189300411,0.196,0.45007142726962
DDO064,low_mass_dwarf,14,17.41,0.5733695652173912,0.157,2.347554361156546
DDO168,low_mass_dwarf,10,18.23,0.6837748344370861,0.191,1.1339508918775625
ESO079-G014,bulge_rich_hsb,15,157.34,0.05722304229766917,51.733,-22.168404582312235
ESO116-G012,bulge_rich_hsb,15,90.54,0.20148837209302325,4.292,5.334410683296024
ESO444-G084,low_mass_dwarf,7,19.81,0.6553398058252428,0.071,11.872263740676416
ESO563-G021,bulge_rich_hsb,30,429.37,0.0724286459497727,311.177,-74.02827762825557
F561-1,low_mass_dwarf,6,22.12,0.28461133532198635,4.077,29.460979211687896
F563-1,low_mass_dwarf,17,14.22,0.6270821085635901,1.903,5.048053843184748
F563-V1,low_mass_dwarf,6,9.75,0.2837209302325581,1.54,26.16676366703761
F563-V2,low_mass_dwarf,10,23.6,0.42075654704170706,2.986,10.529716263848442
F565-V2,low_mass_dwarf,7,6.93,0.5556438791732909,0.559,-2.3886423886046755
F567-2,low_mass_dwarf,5,11.5,0.5343661357189613,2.134,18.122684322559085
F568-1,ordinary_disk,12,20.36,0.4184186046511628,6.252,3.621278195093346
F568-3,ordinary_disk,18,23.81,0.2768390953990122,8.346,-4.534086736132493
F568-V1,ordinary_disk,15,31.39,0.3943951868271057,3.825,10.434922129797636
F571-8,bulge_rich_hsb,13,825.71,0.14917127071823205,10.164,-9.770731110321112
F571-V1,ordinary_disk,7,15.3,0.39693411611219837,1.849,1.2499115017029654
F574-1,ordinary_disk,14,29.98,0.35026339330086476,6.537,2.3228451651844537
F574-2,low_mass_dwarf,5,10.89,0.371559633027523,2.877,35.59493622976168
F579-V1,ordinary_disk,14,56.6,0.1592989427375293,11.848,11.414231573101556
F583-1,low_mass_dwarf,25,11.19,0.6831619537275063,0.986,0.5787152759534493
F583-4,ordinary_disk,12,24.94,0.2720713073005094,1.715,0.9866316036673841
IC2574,low_mass_dwarf,34,15.88,0.5048732943469786,1.016,2.5114712558526193
NGC0024,bulge_rich_hsb,29,151.65,0.1480832420591457,3.889,26.587315179387694
NGC0055,low_mass_dwarf,21,54.55,0.25270466655901824,4.628,21.118520857537927
NGC0100,bulge_rich_hsb,21,64.99,0.3810800459594025,3.232,-2.6949316585718885
NGC0300,ordinary_disk,25,147.51,0.24261275272161742,2.922,4.530422821081258
NGC0801,bulge_rich_hsb,13,818.14,0.06909768860324447,312.57,69.28223929369247
NGC0891,bulge_rich_hsb,18,1617.45,0.031246060979538103,138.34,-13.929813255023618
NGC1090,bulge_rich_hsb,24,283.68,0.10866283961003612,72.045,-10.968061452496215
NGC2366,low_mass_dwarf,26,31.98,0.7327293318233296,0.236,3.473664304640427
NGC2683,bulge_rich_hsb,11,1139.8,0.01718385255618973,80.415,-28.04687483725271
NGC2841,bulge_rich_hsb,50,983.63,0.04939463152362857,188.121,-49.12646662925833
NGC2903,bulge_rich_hsb,34,632.16,0.030231593911034766,81.863,19.54110577150255
NGC2976,bulge_rich_hsb,27,308.2,0.04854642957945243,3.371,7.693335738970887
NGC2998,bulge_rich_hsb,13,479.55,0.1345029910583701,150.902,-6.353703706091373
NGC3109,low_mass_dwarf,25,11.4,0.7108792846497763,0.194,-0.10888442934840548
NGC3198,bulge_rich_hsb,43,178.99,0.2211483681940262,38.279,-18.75313410042486
NGC3521,bulge_rich_hsb,41,2232.7,0.04667940218002023,84.836,-2.001069860044897
NGC3726,bulge_rich_hsb,12,198.08,0.08438604038744835,70.234,-2.2510510423614143
NGC3769,bulge_rich_hsb,12,626.37,0.2283955717118308,18.679,15.802999441454025
NGC3877,bulge_rich_hsb,13,598.18,0.02003566699991894,72.535,-10.012810278603933
NGC3893,bulge_rich_hsb,10,1573.37,0.09015297556122133,58.525,-27.128663216653628
NGC3917,bulge_rich_hsb,17,112.94,0.07914815125345853,21.966,-12.244689850265713
NGC3949,bulge_rich_hsb,7,1058.84,0.081350451276606,38.067,7.767290040163607
NGC3953,bulge_rich_hsb,8,587.26,0.019648519076131073,141.301,1.9676498534320324
NGC3972,bulge_rich_hsb,10,164.75,0.0779854821095908,14.353,0.02085844785450064
NGC3992,bulge_rich_hsb,9,360.44,0.06815970040775098,226.932,-83.03537054058839
NGC4010,bulge_rich_hsb,12,14.75,0.14142322097378274,17.193,-7.996447355787071
NGC4013,bulge_rich_hsb,36,746.16,0.03615603027016488,79.094,-25.03947507347066
NGC4051,bulge_rich_hsb,7,319.76,0.027530240391976726,95.268,28.139736525765073
NGC4068,low_mass_dwarf,6,30.26,0.39487179487179486,0.236,-2.5155342466168893
NGC4085,bulge_rich_hsb,7,856.7,0.05846660598968491,21.724,-3.8361952778156514
NGC4088,bulge_rich_hsb,12,457.96,0.07121338042800748,107.286,2.4686148310657288
NGC4100,bulge_rich_hsb,24,388.0,0.049635176651305686,59.394,-31.5552985115576
NGC4157,bulge_rich_hsb,17,848.85,0.0722555030479771,105.62,-42.43161035936475
NGC4183,bulge_rich_hsb,23,86.46,0.24442275515895148,10.838,9.800301436964869
NGC4214,low_mass_dwarf,14,363.77,0.29870928088506454,1.141,11.502780800578178
NGC4217,bulge_rich_hsb,19,483.98,0.029159695428005596,85.299,-5.381427128947351
NGC4389,ordinary_disk,6,207.41,0.024649014496730234,21.328,6.912177581854824
NGC4559,bulge_rich_hsb,32,211.27,0.23070509766555503,19.377,5.1259888274533
NGC5005,bulge_rich_hsb,18,1789.91,0.0071111111111111115,178.72,20.442192384011776
NGC5033,bulge_rich_hsb,22,2036.24,0.09287244608981883,110.509,-31.139958423443225
NGC5371,bulge_rich_hsb,19,560.83,0.031799939130706854,340.393,79.29230065369174
NGC5585,ordinary_disk,24,90.54,0.3638132295719844,2.943,-3.83103592009456
NGC5907,bulge_rich_hsb,19,449.6,0.10702468821583098,175.425,-52.51411901697124
NGC5985,bulge_rich_hsb,33,288.95,0.052588578120319175,208.728,-49.65262403739746
NGC6015,bulge_rich_hsb,44,331.76,0.15367594763322184,32.129,-17.612508210691583
NGC6195,bulge_rich_hsb,23,686.8,0.0507472395705648,391.076,-2.5928362104529015
NGC6674,bulge_rich_hsb,15,560.83,0.1303181683743958,214.654,-68.28044023679777
NGC6789,low_mass_dwarf,4,59.27,0.1452991452991453,0.1,17.39074796382092
NGC7331,bulge_rich_hsb,36,2470.76,0.04228920358581266,250.631,5.483041908177228
NGC7793,bulge_rich_hsb,46,233.79,0.10883579825559349,7.05,6.93338613505623
NGC7814,bulge_rich_hsb,18,2709.13,0.014153626370719192,74.529,2.035381697811502
PGC51017,low_mass_dwarf,6,15.03,0.5646067415730338,0.155,16.244477959245387
UGC00128,low_mass_dwarf,22,20.36,0.38203691326924066,12.02,-6.960618319257545
UGC00191,low_mass_dwarf,9,50.21,0.4012548550941141,2.004,7.1687931192625785
UGC00634,low_mass_dwarf,4,26.11,0.5506614552014432,2.989,0.5509007638882153
UGC00731,low_mass_dwarf,12,25.63,0.8483568075117371,0.323,5.871641682329685
UGC00891,low_mass_dwarf,5,19.09,0.5336658354114713,0.374,0.0543728314857832
UGC01230,low_mass_dwarf,11,28.63,0.45765124555160136,7.62,12.290506113632967
UGC01281,low_mass_dwarf,25,13.83,0.4544049459041731,0.353,-2.945789051537952
UGC02023,low_mass_dwarf,5,27.59,0.2672268907563025,1.308,-1.286543091127566
UGC02259,low_mass_dwarf,8,47.08,0.2226228030644434,1.725,13.305235620471429
UGC02455,low_mass_dwarf,8,254.0,0.1803683737646002,3.649,8.368447563148003
UGC02487,bulge_rich_hsb,17,818.14,0.03536594489661717,489.955,-87.2004690066077
UGC02885,ordinary_disk,19,421.53,0.09034039675383229,403.525,-53.59459656094354
UGC02916,bulge_rich_hsb,43,2425.66,0.1578622495353601,124.153,3.866249246806163
UGC02953,bulge_rich_hsb,115,1544.65,0.02873546011167832,259.518,-21.632293745285324
UGC03205,bulge_rich_hsb,48,587.26,0.07847128179761433,113.642,-20.31631991922238
UGC03546,bulge_rich_hsb,30,2403.42,0.025718433627212507,101.336,5.354959441709283
UGC04278,ordinary_disk,25,34.11,0.4605860503508048,1.307,-1.8057626950807446
UGC04305,low_mass_dwarf,22,76.71,0.48387096774193544,0.736,15.591946546491826
UGC04325,low_mass_dwarf,8,41.0,0.25073964497041423,2.026,21.2252489201133
UGC04483,low_mass_dwarf,8,29.71,0.7111111111111111,0.013,1.1354155722036288
UGC04499,low_mass_dwarf,9,33.79,0.41478129713423834,1.552,4.851106887891256
UGC05005,low_mass_dwarf,11,25.63,0.43000139024051165,4.1,3.0167890177497547
UGC05253,bulge_rich_hsb,73,1488.78,0.08722297290108418,171.582,8.82472843516338
UGC05414,low_mass_dwarf,6,32.87,0.33824395992928696,1.123,-1.5930222198586703
UGC05716,low_mass_dwarf,12,27.59,0.6504161712247325,0.588,4.14552999662913
UGC05750,low_mass_dwarf,11,6.87,0.24780157835400227,3.336,0.3444115753350019
UGC05829,low_mass_dwarf,11,10.59,0.6446124763705104,0.564,-0.934669136224306
UGC05918,low_mass_dwarf,8,5.36,0.560377358490566,0.233,2.8975706868513234
UGC05986,low_mass_dwarf,15,76.71,0.3622656886715566,4.695,4.770620090950052
UGC05999,low_mass_dwarf,5,22.95,0.37402885682574916,3.384,5.27413700716923
UGC06399,low_mass_dwarf,9,30.82,0.22693602693602696,2.296,0.15616051075320758
UGC06446,ordinary_disk,17,37.05,0.5825940008449514,0.988,7.898351901010235
UGC06614,bulge_rich_hsb,13,1461.61,0.14967381939030897,124.35,-28.206367568662344
UGC06628,low_mass_dwarf,7,34.74,0.2863141820958198,3.739,31.974580351118234
UGC06667,ordinary_disk,9,18.06,0.36672710788757934,1.397,11.79191594422969
UGC06786,bulge_rich_hsb,45,992.73,0.06412789882325944,73.407,-3.470140186420693
UGC06787,bulge_rich_hsb,71,1891.6,0.04869972697170962,98.256,1.453968126837907
UGC06818,low_mass_dwarf,8,56.08,0.40457442819647543,1.588,-1.6222375200325683
UGC06917,low_mass_dwarf,11,53.07,0.22845849802371543,6.832,3.298135815655179
UGC06923,low_mass_dwarf,6,166.28,0.21870775885374424,2.89,0.36512768694930386
UGC06930,ordinary_disk,10,73.93,0.2660037800969677,8.932,16.95944799713801
UGC06983,ordinary_disk,17,53.56,0.35898366606170595,5.298,9.572921688163177
UGC07089,low_mass_dwarf,12,37.4,0.2529693686184622,3.585,7.570022295013286
UGC07125,low_mass_dwarf,13,28.11,0.6305680425010216,2.712,34.2729693902917
UGC07151,bulge_rich_hsb,11,76.71,0.21241379310344827,2.284,5.24548817163978
UGC07232,low_mass_dwarf,4,83.34,0.2893081761006289,0.113,6.752411280799726
UGC07261,low_mass_dwarf,7,39.16,0.4418974848774275,1.753,6.386304582878788
UGC07323,low_mass_dwarf,10,61.49,0.1494514593251915,4.109,-5.774747805433975
UGC07399,low_mass_dwarf,10,113.98,0.391899000526039,1.156,28.22578677802474
UGC07524,low_mass_dwarf,31,29.71,0.4220640569395018,2.436,3.6022608872846034
UGC07559,low_mass_dwarf,7,17.9,0.6079136690647482,0.109,1.8347974354030492
UGC07577,low_mass_dwarf,9,11.94,0.4943820224719101,0.045,5.912115477173185
UGC07603,bulge_rich_hsb,12,81.81,0.4069400630914827,0.376,7.056781899492249
UGC07608,low_mass_dwarf,8,16.48,0.6695869837296621,0.264,5.001380856600463
UGC07690,low_mass_dwarf,7,184.01,0.3125,0.858,7.977750216386024
UGC07866,low_mass_dwarf,7,21.92,0.48760330578512395,0.124,1.4493372825282902
UGC08286,bulge_rich_hsb,17,39.52,0.3384290985767001,1.255,12.0319901596568
UGC08490,low_mass_dwarf,30,124.98,0.4145077720207254,1.017,10.92674810556679
UGC08550,bulge_rich_hsb,11,45.38,0.49913344887348354,0.289,5.312885579962954
UGC08699,bulge_rich_hsb,41,2191.95,0.06917098445595855,50.302,7.1348326106619595
UGC08837,low_mass_dwarf,8,15.73,0.389768574908648,0.501,2.763090990268437
UGC09037,bulge_rich_hsb,22,334.83,0.21755690370843403,68.614,29.947125575359635
UGC09133,bulge_rich_hsb,68,1284.78,0.10566643696618346,282.926,-30.68862457801184
UGC09992,low_mass_dwarf,5,20.18,0.4862385321100917,0.336,11.504424116855258
UGC10310,low_mass_dwarf,7,28.37,0.4072182499148791,1.741,3.7106227330275776
UGC11455,bulge_rich_hsb,36,571.26,0.03439896609631711,374.322,-55.95180214822378
UGC11557,low_mass_dwarf,12,106.86,0.17713858289133685,12.101,13.79142867358207
UGC11820,low_mass_dwarf,10,20.18,0.6708517136070581,0.97,4.450530905103298
UGC11914,bulge_rich_hsb,65,2425.66,0.005884067958334438,150.028,17.26763056457365
UGC12506,bulge_rich_hsb,31,144.82,0.2030298012299645,139.571,-59.08946096922222
UGC12632,low_mass_dwarf,15,13.09,0.5727422003284073,1.301,3.92890622016609
UGC12732,low_mass_dwarf,16,26.84,0.68706589074526,1.667,0.7818799535399172
UGCA281,low_mass_dwarf,7,12.5,0.2421875,0.194,5.569320623041444
UGCA442,low_mass_dwarf,8,7.6,0.6526054590570719,0.14,2.676625848684591
