galaxy,sbeff_sol_lum_pc2,gas_fraction_proxy,c4_minus_nfw_kms,morph_slice
D564-8,10.11,0.467741935483871,-0.37906931738664773,low_mass_dwarf
D631-7,20.93,0.5967078189300411,0.45007142726962,low_mass_dwarf
DDO064,17.41,0.5733695652173912,2.347554361156546,low_mass_dwarf
DDO168,18.23,0.6837748344370861,1.1339508918775625,low_mass_dwarf
ESO079-G014,157.34,0.05722304229766917,-22.168404582312235,bulge_rich_hsb
ESO116-G012,90.54,0.20148837209302325,5.334410683296024,bulge_rich_hsb
ESO444-G084,19.81,0.6553398058252428,11.872263740676416,low_mass_dwarf
ESO563-G021,429.37,0.0724286459497727,-74.02827762825557,bulge_rich_hsb
F561-1,22.12,0.28461133532198635,29.460979211687896,low_mass_dwarf
F563-1,14.22,0.6270821085635901,5.048053843184748,low_mass_dwarf
F563-V1,9.75,0.2837209302325581,26.16676366703761,low_mass_dwarf
F563-V2,23.6,0.42075654704170706,10.529716263848442,low_mass_dwarf
F565-V2,6.93,0.5556438791732909,-2.3886423886046755,low_mass_dwarf
F567-2,11.5,0.5343661357189613,18.122684322559085,low_mass_dwarf
F568-1,20.36,0.4184186046511628,3.621278195093346,ordinary_disk
F568-3,23.81,0.2768390953990122,-4.534086736132493,ordinary_disk
F568-V1,31.39,0.3943951868271057,10.434922129797636,ordinary_disk
F571-8,825.71,0.14917127071823205,-9.770731110321112,bulge_rich_hsb
F571-V1,15.3,0.39693411611219837,1.2499115017029654,ordinary_disk
F574-1,29.98,0.35026339330086476,2.3228451651844537,ordinary_disk
F574-2,10.89,0.371559633027523,35.59493622976168,low_mass_dwarf
F579-V1,56.6,0.1592989427375293,11.414231573101556,ordinary_disk
F583-1,11.19,0.6831619537275063,0.5787152759534493,low_mass_dwarf
F583-4,24.94,0.2720713073005094,0.9866316036673841,ordinary_disk
IC2574,15.88,0.5048732943469786,2.5114712558526193,low_mass_dwarf
NGC0024,151.65,0.1480832420591457,26.587315179387694,bulge_rich_hsb
NGC0055,54.55,0.25270466655901824,21.118520857537927,low_mass_dwarf
NGC0100,64.99,0.3810800459594025,-2.6949316585718885,bulge_rich_hsb
NGC0300,147.51,0.24261275272161742,4.530422821081258,ordinary_disk
NGC0801,818.14,0.06909768860324447,69.28223929369247,bulge_rich_hsb
NGC0891,1617.45,0.031246060979538103,-13.929813255023618,bulge_rich_hsb
NGC1090,283.68,0.10866283961003612,-10.968061452496215,bulge_rich_hsb
NGC2366,31.98,0.7327293318233296,3.473664304640427,low_mass_dwarf
NGC2683,1139.8,0.01718385255618973,-28.04687483725271,bulge_rich_hsb
NGC2841,983.63,0.04939463152362857,-49.12646662925833,bulge_rich_hsb
NGC2903,632.16,0.030231593911034766,19.54110577150255,bulge_rich_hsb
NGC2976,308.2,0.04854642957945243,7.693335738970887,bulge_rich_hsb
NGC2998,479.55,0.1345029910583701,-6.353703706091373,bulge_rich_hsb
NGC3109,11.4,0.7108792846497763,-0.10888442934840548,low_mass_dwarf
NGC3198,178.99,0.2211483681940262,-18.75313410042486,bulge_rich_hsb
NGC3521,2232.7,0.04667940218002023,-2.001069860044897,bulge_rich_hsb
NGC3726,198.08,0.08438604038744835,-2.2510510423614143,bulge_rich_hsb
NGC3769,626.37,0.2283955717118308,15.802999441454025,bulge_rich_hsb
NGC3877,598.18,0.02003566699991894,-10.012810278603933,bulge_rich_hsb
NGC3893,1573.37,0.09015297556122133,-27.128663216653628,bulge_rich_hsb
NGC3917,112.94,0.07914815125345853,-12.244689850265713,bulge_rich_hsb
NGC3949,1058.84,0.081350451276606,7.767290040163607,bulge_rich_hsb
NGC3953,587.26,0.019648519076131073,1.9676498534320324,bulge_rich_hsb
NGC3972,164.75,0.0779854821095908,0.02085844785450064,bulge_rich_hsb
NGC3992,360.44,0.06815970040775098,-83.03537054058839,bulge_rich_hsb
NGC4010,14.75,0.14142322097378274,-7.996447355787071,bulge_rich_hsb
NGC4013,746.16,0.03615603027016488,-25.03947507347066,bulge_rich_hsb
NGC4051,319.76,0.027530240391976726,28.139736525765073,bulge_rich_hsb
NGC4068,30.26,0.39487179487179486,-2.5155342466168893,low_mass_dwarf
NGC4085,856.7,0.05846660598968491,-3.8361952778156514,bulge_rich_hsb
NGC4088,457.96,0.07121338042800748,2.4686148310657288,bulge_rich_hsb
NGC4100,388.0,0.049635176651305686,-31.5552985115576,bulge_rich_hsb
NGC4157,848.85,0.0722555030479771,-42.43161035936475,bulge_rich_hsb
NGC4183,86.46,0.24442275515895148,9.800301436964869,bulge_rich_hsb
NGC4214,363.77,0.29870928088506454,11.502780800578178,low_mass_dwarf
NGC4217,483.98,0.029159695428005596,-5.381427128947351,bulge_rich_hsb
NGC4389,207.41,0.024649014496730234,6.912177581854824,ordinary_disk
NGC4559,211.27,0.23070509766555503,5.1259888274533,bulge_rich_hsb
NGC5005,1789.91,0.0071111111111111115,20.442192384011776,bulge_rich_hsb
NGC5033,2036.24,0.09287244608981883,-31.139958423443225,bulge_rich_hsb
NGC5371,560.83,0.031799939130706854,79.29230065369174,bulge_rich_hsb
NGC5585,90.54,0.3638132295719844,-3.83103592009456,ordinary_disk
NGC5907,449.6,0.10702468821583098,-52.51411901697124,bulge_rich_hsb
NGC5985,288.95,0.052588578120319175,-49.65262403739746,bulge_rich_hsb
NGC6015,331.76,0.15367594763322184,-17.612508210691583,bulge_rich_hsb
NGC6195,686.8,0.0507472395705648,-2.5928362104529015,bulge_rich_hsb
NGC6674,560.83,0.1303181683743958,-68.28044023679777,bulge_rich_hsb
NGC6789,59.27,0.1452991452991453,17.39074796382092,low_mass_dwarf
NGC7331,2470.76,0.04228920358581266,5.483041908177228,bulge_rich_hsb
NGC7793,233.79,0.10883579825559349,6.93338613505623,bulge_rich_hsb
NGC7814,2709.13,0.014153626370719192,2.035381697811502,bulge_rich_hsb
PGC51017,15.03,0.5646067415730338,16.244477959245387,low_mass_dwarf
UGC00128,20.36,0.38203691326924066,-6.960618319257545,low_mass_dwarf
UGC00191,50.21,0.4012548550941141,7.1687931192625785,low_mass_dwarf
UGC00634,26.11,0.5506614552014432,0.5509007638882153,low_mass_dwarf
UGC00731,25.63,0.8483568075117371,5.871641682329685,low_mass_dwarf
UGC00891,19.09,0.5336658354114713,0.0543728314857832,low_mass_dwarf
UGC01230,28.63,0.45765124555160136,12.290506113632967,low_mass_dwarf
UGC01281,13.83,0.4544049459041731,-2.945789051537952,low_mass_dwarf
UGC02023,27.59,0.2672268907563025,-1.286543091127566,low_mass_dwarf
UGC02259,47.08,0.2226228030644434,13.305235620471429,low_mass_dwarf
UGC02455,254.0,0.1803683737646002,8.368447563148003,low_mass_dwarf
UGC02487,818.14,0.03536594489661717,-87.2004690066077,bulge_rich_hsb
UGC02885,421.53,0.09034039675383229,-53.59459656094354,ordinary_disk
UGC02916,2425.66,0.1578622495353601,3.866249246806163,bulge_rich_hsb
UGC02953,1544.65,0.02873546011167832,-21.632293745285324,bulge_rich_hsb
UGC03205,587.26,0.07847128179761433,-20.31631991922238,bulge_rich_hsb
UGC03546,2403.42,0.025718433627212507,5.354959441709283,bulge_rich_hsb
UGC04278,34.11,0.4605860503508048,-1.8057626950807446,ordinary_disk
UGC04305,76.71,0.48387096774193544,15.591946546491826,low_mass_dwarf
UGC04325,41.0,0.25073964497041423,21.2252489201133,low_mass_dwarf
UGC04483,29.71,0.7111111111111111,1.1354155722036288,low_mass_dwarf
UGC04499,33.79,0.41478129713423834,4.851106887891256,low_mass_dwarf
UGC05005,25.63,0.43000139024051165,3.0167890177497547,low_mass_dwarf
UGC05253,1488.78,0.08722297290108418,8.82472843516338,bulge_rich_hsb
UGC05414,32.87,0.33824395992928696,-1.5930222198586703,low_mass_dwarf
UGC05716,27.59,0.6504161712247325,4.14552999662913,low_mass_dwarf
UGC05750,6.87,0.24780157835400227,0.3444115753350019,low_mass_dwarf
UGC05829,10.59,0.6446124763705104,-0.934669136224306,low_mass_dwarf
UGC05918,5.36,0.560377358490566,2.8975706868513234,low_mass_dwarf
UGC05986,76.71,0.3622656886715566,4.770620090950052,low_mass_dwarf
UGC05999,22.95,0.37402885682574916,5.27413700716923,low_mass_dwarf
UGC06399,30.82,0.22693602693602696,0.15616051075320758,low_mass_dwarf
UGC06446,37.05,0.5825940008449514,7.898351901010235,ordinary_disk
UGC06614,1461.61,0.14967381939030897,-28.206367568662344,bulge_rich_hsb
UGC06628,34.74,0.2863141820958198,31.974580351118234,low_mass_dwarf
UGC06667,18.06,0.36672710788757934,11.79191594422969,ordinary_disk
UGC06786,992.73,0.06412789882325944,-3.470140186420693,bulge_rich_hsb
UGC06787,1891.6,0.04869972697170962,1.453968126837907,bulge_rich_hsb
UGC06818,56.08,0.40457442819647543,-1.6222375200325683,low_mass_dwarf
UGC06917,53.07,0.22845849802371543,3.298135815655179,low_mass_dwarf
UGC06923,166.28,0.21870775885374424,0.36512768694930386,low_mass_dwarf
UGC06930,73.93,0.2660037800969677,16.95944799713801,ordinary_disk
UGC06983,53.56,0.35898366606170595,9.572921688163177,ordinary_disk
UGC07089,37.4,0.2529693686184622,7.570022295013286,low_mass_dwarf
UGC07125,28.11,0.6305680425010216,34.2729693902917,low_mass_dwarf
UGC07151,76.71,0.21241379310344827,5.24548817163978,bulge_rich_hsb
UGC07232,83.34,0.2893081761006289,6.752411280799726,low_mass_dwarf
UGC07261,39.16,0.4418974848774275,6.386304582878788,low_mass_dwarf
UGC07323,61.49,0.1494514593251915,-5.774747805433975,low_mass_dwarf
UGC07399,113.98,0.391899000526039,28.22578677802474,low_mass_dwarf
UGC07524,29.71,0.4220640569395018,3.6022608872846034,low_mass_dwarf
UGC07559,17.9,0.6079136690647482,1.8347974354030492,low_mass_dwarf
UGC07577,11.94,0.4943820224719101,5.912115477173185,low_mass_dwarf
UGC07603,81.81,0.4069400630914827,7.056781899492249,bulge_rich_hsb
UGC07608,16.48,0.6695869837296621,5.001380856600463,low_mass_dwarf
UGC07690,184.01,0.3125,7.977750216386024,low_mass_dwarf
UGC07866,21.92,0.48760330578512395,1.4493372825282902,low_mass_dwarf
UGC08286,39.52,0.3384290985767001,12.0319901596568,bulge_rich_hsb
UGC08490,124.98,0.4145077720207254,10.92674810556679,low_mass_dwarf
UGC08550,45.38,0.49913344887348354,5.312885579962954,bulge_rich_hsb
UGC08699,2191.95,0.06917098445595855,7.1348326106619595,bulge_rich_hsb
UGC08837,15.73,0.389768574908648,2.763090990268437,low_mass_dwarf
UGC09037,334.83,0.21755690370843403,29.947125575359635,bulge_rich_hsb
UGC09133,1284.78,0.10566643696618346,-30.68862457801184,bulge_rich_hsb
UGC09992,20.18,0.4862385321100917,11.504424116855258,low_mass_dwarf
UGC10310,28.37,0.4072182499148791,3.7106227330275776,low_mass_dwarf
UGC11455,571.26,0.03439896609631711,-55.95180214822378,bulge_rich_hsb
UGC11557,106.86,0.17713858289133685,13.79142867358207,low_mass_dwarf
UGC11820,20.18,0.6708517136070581,4.450530905103298,low_mass_dwarf
UGC11914,2425.66,0.005884067958334438,17.26763056457365,bulge_rich_hsb
UGC12506,144.82,0.2030298012299645,-59.08946096922222,bulge_rich_hsb
UGC12632,13.09,0.5727422003284073,3.92890622016609,low_mass_dwarf
UGC12732,26.84,0.68706589074526,0.7818799535399172,low_mass_dwarf
UGCA281,12.5,0.2421875,5.569320623041444,low_mass_dwarf
UGCA442,7.6,0.6526054590570719,2.676625848684591,low_mass_dwarf
