galaxy,subset,n_points,morph_slice,quality_flag,hubble_type,distance_mpc,luminosity_36e9_sol,mhi_1e9_sol_mass,gas_fraction_proxy,reff_kpc,rdisk_kpc,sbeff_sol_lum_pc2,rmse_c4_4_kms,rmse_baryon_kms,rmse_mond_kms,rmse_nfw_kms,rmse_iso_kms,rmse_burkert_kms,mae_c4_4_kms,mae_baryon_kms,mae_mond_kms,mae_nfw_kms,mae_iso_kms,mae_burkert_kms,median_abs_c4_4_kms,median_abs_baryon_kms,median_abs_mond_kms,median_abs_nfw_kms,median_abs_iso_kms,median_abs_burkert_kms,vflat_sample_kms,c4_vflat_proxy_kms,best_comparator_equal_weight
CamB,calibration_24,9,low_mass_dwarf,2,10,3.36,0.075,0.012,0.13793103448275865,1.21,0.47,7.89,9.50775168926555,3.8788613681362913,22.443711991294016,3.39604577056198,2.6455505140698268,2.6687652232304093,9.368766640734867,3.2167933135489144,22.23234951834364,2.9910863657114564,2.2525368937585393,2.279512941225985,10.161039950132068,2.9980537255675994,23.40513244637819,3.150366315051386,2.1527885443624513,2.270500580917993,0.0,30.26103995013207,iso
D512-2,calibration_24,4,low_mass_dwarf,2,10,15.2,0.325,0.081,0.19950738916256158,2.37,1.24,9.22,4.129501127014831,18.168326183402225,18.364089373354595,1.7705751753652592,2.2273488172427856,2.546225589044309,3.2825315518129736,17.71280208333635,18.075561858729642,1.6731746492817692,1.8441520741226949,2.3742233288763055,2.7760065358583983,19.328168701523474,17.692162309832227,1.6787601468854447,2.1530650839296896,1.937212708075739,0.0,43.11140978332498,nfw
D564-8,external_151,6,low_mass_dwarf,2,10,8.79,0.033,0.029,0.467741935483871,0.72,0.61,10.11,1.3157242086506888,12.216733580339778,14.95883658242414,1.6947935260373366,0.9113656904043281,0.9040604787674685,1.1444831616009,11.118164259861032,14.950183601311252,1.4404234725085932,0.6906299041566081,0.8054408468042616,0.9629647575626112,12.213432554704493,15.04404182252465,1.0873562542477293,0.6078734990290755,0.8226171030370697,0.0,23.761445476434996,burkert
D631-7,external_151,16,low_mass_dwarf,1,10,7.72,0.196,0.29,0.5967078189300411,1.22,0.7,20.93,7.979791543023788,30.756152062147656,19.308951899340002,7.529720115754168,3.4957719572298793,2.8924690436210363,7.40812936491492,26.42380496031525,16.62785073162662,6.751679397074029,2.766624303271679,2.0871025230458167,7.760528177651725,28.307116894394817,18.198909038651546,7.219824773248494,1.8970918273857826,1.3561756197703794,57.7,52.25717808612609,burkert
DDO064,external_151,14,low_mass_dwarf,1,10,6.8,0.157,0.211,0.5733695652173912,1.2,0.69,17.41,7.086145809860725,20.6030996267818,11.708660211462671,4.738591448704179,3.414091679882535,3.376540894943586,5.626841484695959,18.006063583940513,11.141706587384338,4.2217317694354115,2.707142657500513,2.8801286422314045,4.604536991273724,22.294188758796132,10.5445631419438,3.883533934949146,2.5888125021706436,2.538353175889249,46.1,46.14256486045984,burkert
DDO154,calibration_24,12,low_mass_dwarf,2,10,4.04,0.053,0.275,0.8384146341463415,0.65,0.37,19.99,5.193574609839913,23.408148291259568,19.025615275819263,2.852899836951341,2.9529159347785425,3.3973938708741183,3.493475727272285,21.95716423812887,18.439062188936557,2.389855020586654,2.3632597722417796,2.675298709598845,1.6952898951066508,25.660153965026495,16.714828201714667,1.90246920401556,1.7485466657302844,2.3878408294817284,47.0,58.781946085342696,nfw
DDO161,calibration_24,31,low_mass_dwarf,1,10,7.5,0.548,1.378,0.715472481827622,2.04,1.22,20.74,20.324015038098104,22.584428310906528,41.69495410877255,4.203712614896256,2.7695249568563476,1.921822721799365,17.60639147045872,20.262069864706106,40.181351932350296,3.2693564855968145,2.295381549742611,1.597049420748404,18.120006959830164,23.405007368599435,41.48646587682538,2.244504727000759,2.082576934766074,1.2852173569649779,66.3,101.88500136142676,burkert
DDO168,external_151,10,low_mass_dwarf,2,10,4.25,0.191,0.413,0.6837748344370861,1.29,1.02,18.23,5.361799294914243,18.903836844945605,23.771634475381596,4.22784840303668,3.0775628663602737,3.7173259566614716,4.708449466062872,17.426059670934677,22.954824009667796,3.595802690920352,2.4417217360085828,2.903861955001548,4.142598201516817,19.578761706092777,21.416454532093333,4.215043060432571,1.99443308584876,1.8801934552899553,53.4,60.24721584172628,iso
DDO170,calibration_24,8,low_mass_dwarf,2,10,15.4,0.543,0.735,0.5751173708920188,3.03,1.95,9.39,17.574530639999,27.600339815154424,35.949515869430975,2.760818710058869,3.431083591252156,2.177312149867762,15.475550806766883,26.73071909681744,34.940782039726095,1.9884793474080733,2.059650257289689,1.906414422950426,15.327727309667061,29.741226794724835,34.52398025486596,1.3520811344288397,0.8355143465429364,1.9523242109599614,60.0,89.08952389748362,burkert
ESO079-G014,external_151,15,bulge_rich_hsb,1,4,28.7,51.733,3.14,0.05722304229766917,7.23,5.08,157.34,9.905465246240533,62.05775245909206,25.245569590030236,32.073869828552766,9.914513160912428,7.11458296890013,8.805280748588435,52.98032663889196,23.728052323305793,26.8948856502458,8.76601181867971,6.1878752328026625,8.050355014975423,56.94763468497686,21.023623705141574,23.96269101589408,9.921549421085885,6.022361571251992,175.0,172.688820517595,burkert
ESO116-G012,external_151,15,bulge_rich_hsb,1,7,13.0,4.292,1.083,0.20148837209302325,2.75,1.51,90.54,16.033297660717206,53.75488699848651,10.982969192558523,10.698886977421182,4.53377963727099,7.321569754548611,15.079741260508115,48.435729777867365,9.271830299020571,9.87225321393128,3.4622795918937688,6.672922193387927,15.699690881194172,58.6390826903589,6.372527598032676,9.978489345874394,2.724551885529543,6.586534388233034,109.1,98.50362434081303,iso
ESO444-G084,external_151,7,low_mass_dwarf,2,10,4.83,0.071,0.135,0.6553398058252428,0.75,0.46,19.81,14.801040704268406,31.816455194409706,6.92492203394151,2.928776963591989,3.733441737737668,2.656976396424967,13.567249582428188,30.194390979993937,5.13582318890567,2.430737176363587,3.2620612367528135,2.271367254074373,15.945456988332367,33.758501750201404,3.2100364045267185,2.6311264391098064,3.325860566283019,2.711903893899354,0.0,59.59540145059296,burkert
ESO563-G021,external_151,30,bulge_rich_hsb,1,4,60.8,311.177,24.298,0.0724286459497727,10.59,5.45,429.37,51.817890612237264,149.96907252986185,31.986607742653806,125.84616824049283,69.85703722885766,74.63231708870116,49.37845911132739,134.1833070181563,26.23002828498071,113.56771417324647,64.91494294606777,67.47320063641138,49.174698921348124,152.9248643142753,20.788925260128963,128.36265233305625,74.70559652151012,69.0143465021021,314.6,271.65420018565436,mond
F561-1,external_151,6,low_mass_dwarf,3,9,66.4,4.077,1.622,0.28461133532198635,5.39,2.79,22.12,32.42394502409696,11.3124602522263,52.171122436386234,2.962965812409064,2.57272211740783,1.9759689744165692,30.324859187431503,10.406051363091327,51.01749441291452,2.700737557461686,2.446382022529962,1.5451649508654206,31.53703408487023,12.251223556033388,52.01703422235584,2.5339100786087876,2.5660901376910346,1.1690154226628913,50.0,96.22934187496519,burkert
F563-1,external_151,17,low_mass_dwarf,1,9,48.9,1.903,3.2,0.6270821085635901,4.61,3.52,14.22,16.652166578037217,63.40593457772694,13.624548636235772,11.60411273485247,10.056115954015322,10.411660802762992,13.669719462485558,60.427931998893484,12.118856148758042,10.169042846542325,8.828200911876381,8.696957421019206,12.031453751932574,65.25892031454055,11.52763188856919,10.868801988883163,10.377727448554921,9.112405106436395,109.9,110.01811969789875,iso
F563-V1,external_151,6,low_mass_dwarf,3,10,54.0,1.54,0.61,0.2837209302325581,5.01,3.79,9.75,28.744928275225885,5.301337701602728,46.55744862116489,2.5781646081882736,2.417453752659094,2.4212057743091364,26.09019560085817,4.6029748130361465,44.6598361466684,2.328807962497043,2.1639720891828,1.9701876523858202,24.923125247803885,4.783931412953985,43.890797815915334,2.1801628857349282,1.7262462594682608,2.221809725809198,0.0,71.49123614786257,iso
F563-V2,external_151,10,low_mass_dwarf,1,10,59.7,2.986,2.169,0.42075654704170706,4.49,2.43,23.6,27.5710216549588,64.44733507942395,12.59259080988709,17.041305391110356,5.718786336365975,8.485180180909113,24.38589848004354,58.230839578296965,9.833249753179604,16.32221973085312,5.101994700295919,7.868144519325853,23.09844253977834,72.75877495867157,7.239127343327684,18.020440319314716,4.527973642271746,7.4658085304971,116.6,99.36673208256467,iso
F565-V2,external_151,7,low_mass_dwarf,2,10,51.8,0.559,0.699,0.5556438791732909,3.57,2.17,6.93,6.91860979111629,42.596131547358574,12.48125400001297,9.307252179720965,5.180734358578242,3.0902648354062507,6.287506750994402,39.44908431334103,12.064867253265945,7.907791919681734,4.217602841979494,2.7203694099895297,7.577795177015844,45.827407418924224,10.780177569672574,6.984465008360729,2.951950287044042,3.382707716111028,0.0,75.23863066268046,burkert
F567-2,external_151,5,low_mass_dwarf,3,9,79.0,2.134,2.449,0.5343661357189613,5.43,3.08,11.5,21.78597516333905,19.030042756601805,40.711146281225055,3.6632908407799634,4.288810402045996,3.7822087743828336,19.87398822866388,18.24881995193021,39.62535759759491,2.8747763880552784,4.077035054195713,3.4159422704098623,20.735371383927294,20.006877123851407,40.38541539576939,2.9217249063010726,3.338330096878444,4.382006998649221,0.0,82.77389124687376,nfw
F568-1,external_151,12,ordinary_disk,1,5,90.7,6.252,4.498,0.4184186046511628,7.0,5.18,20.36,26.310274363322602,70.3239616162002,9.51963538887148,22.688996168229256,4.483464100182062,5.056422715408558,24.25314879606826,65.30854448757897,7.692392234821621,21.07652815192552,3.9175639987422826,4.185366299157245,23.83162836063336,77.49733710647158,6.371125231682743,22.302967040905415,4.165876881895743,4.0139455005631905,0.0,123.29343888751997,iso
F568-3,external_151,18,ordinary_disk,1,7,82.4,8.346,3.195,0.2768390953990122,7.47,4.99,23.81,7.539234587520148,47.371949145341006,22.467486129589776,12.07332132365264,5.609945991578732,8.645413671759869,6.956717129554961,41.98751424673824,21.22208412589564,10.310590538246627,5.199439714876771,7.281644385914149,7.600489965584465,49.55964967427773,23.9426582413355,8.479961918864305,5.276563067629845,6.369066792906747,0.0,122.23421926488014,iso
F568-V1,external_151,15,ordinary_disk,1,7,80.6,3.825,2.491,0.3943951868271057,4.4,2.85,31.39,24.88800439258794,68.59969484536967,8.769273458290582,14.453082262790305,5.617707514516627,6.674839675752699,23.324860107612157,64.91989701182922,7.429536287046194,13.572862863958143,4.790620319253702,5.109463365821028,24.182654310203397,76.77455240735972,8.300479334429681,14.3648612728432,5.038757989105033,4.842420169496066,112.3,100.25141605447782,iso
F571-8,external_151,13,bulge_rich_hsb,1,5,53.3,10.164,1.782,0.14917127071823205,1.4,3.56,825.71,9.719963049685752,33.246651148716275,53.76007932091125,19.490694160006864,9.596003384514702,10.22038730728693,8.684854023713937,22.921409562566375,51.7702135820278,17.451843596868727,8.66067647722552,9.170378419834943,7.020721620065466,13.092181753991866,58.60400303315629,18.22058127571193,10.414950092714506,11.651688503125001,139.7,146.38671616026141,iso
F571-V1,external_151,7,ordinary_disk,2,7,80.1,1.849,1.217,0.39693411611219837,4.38,2.47,15.3,8.732597918953731,41.36530715123614,28.352434394126405,7.482686417250766,3.286074078172666,4.695873017095971,7.781925617195431,39.09304447556862,28.03882509911551,5.488581738591364,3.022319328576544,3.7305278572297604,7.056928624923373,44.09976072293981,27.77295801347359,4.835011221893723,3.189638565279168,2.428118000523739,83.6,99.02541791079052,iso
F574-1,external_151,14,ordinary_disk,1,7,96.8,6.537,3.524,0.35026339330086476,5.87,4.46,29.98,8.084718753673748,48.589027003693985,20.611244559407066,5.761873588489294,3.0419180748979495,2.5879602350837643,7.043400148714232,46.00988200499518,18.91004895295671,3.202628101441379,1.6893259496788782,2.410659938340274,6.546519010994977,52.25369191005614,17.73614970725933,0.96966274234655,0.4660952607190012,2.5108169250045496,97.8,110.41152273485652,burkert
F574-2,external_151,5,low_mass_dwarf,3,9,89.1,2.877,1.701,0.371559633027523,6.48,3.76,10.89,40.07316463081276,4.947489471523849,60.44075324905208,4.478228401051082,3.4559636595370553,3.5331663499481074,39.05802084011607,4.277201803202476,59.64935781245297,3.9117325197542785,2.9028767041125167,3.0568106951142835,41.860810741100764,5.031096332619619,62.45843117905156,3.440172684840693,2.3871914526212805,3.1760666070205694,0.0,89.10633738094852,iso
F579-V1,external_151,14,ordinary_disk,1,5,89.5,11.848,2.245,0.1592989427375293,5.76,3.37,56.6,19.742170699019972,60.589143497464605,15.121920539443238,8.327939125918416,5.804324152135642,10.724998272945086,15.041865421152304,59.40880450245134,13.178601505935546,7.7298565780540285,5.49778055619312,8.27424753386747,11.563027059272414,60.57634818285888,14.363313462849064,7.889375368773294,5.489396763162432,6.229666047851197,112.1,118.5773361418883,iso
F583-1,external_151,25,low_mass_dwarf,1,9,35.4,0.986,2.126,0.6831619537275063,3.74,2.36,11.19,9.981814623750955,41.17022549368451,10.715294941303437,9.403099347797506,4.157298846901161,3.5652432288588525,8.771753865554233,36.009190627346015,9.252578893787431,7.912698337026529,3.524275728044295,2.5726093558416983,8.464231383772628,40.18787941517775,7.675861181528106,7.0120643246646,3.3738861706983343,1.4065216115067933,85.8,81.44378869055159,burkert
F583-4,external_151,12,ordinary_disk,1,5,53.3,1.715,0.641,0.2720713073005094,3.31,1.93,24.94,3.8110533136126605,32.38406282923316,17.588781008458398,2.8244217099452764,4.206938714874545,4.0683305566919765,3.2250626494761403,29.81836961121844,17.176372629053372,2.168500650527417,3.234864209709197,2.972872323935025,2.9936329491626665,33.62931830567087,18.148239888853112,2.3081854817379437,2.5844440623355807,1.6121873961197224,0.0,70.09463795389959,nfw
IC2574,external_151,34,low_mass_dwarf,2,9,3.91,1.016,1.036,0.5048732943469786,3.18,2.78,15.88,10.672010947548218,26.584210791692932,29.180935265517952,8.160539691695599,2.3684182175906527,2.749219085851748,10.273886569406368,23.343468684355244,29.032484735227722,7.128508843733111,1.9292644590917707,2.2912662050119206,10.409304454808565,21.960620475762976,29.30606253126599,7.516381793728414,1.7922258463929275,1.8692113519622495,66.4,74.45551249543409,iso
IC4202,calibration_24,32,bulge_rich_hsb,1,4,100.4,179.749,12.326,0.06417284914746844,8.55,4.78,391.59,61.425421981445076,135.25644762446888,30.886133873458974,100.5262769092806,31.527972646568262,34.56623098042312,58.39109785319878,129.76042159976913,29.04783836801041,95.97064157403008,29.95632694361739,33.01900935373558,57.052346496980974,142.84767688393435,28.33608271070905,106.96991276469747,29.56140222472061,33.3235998023448,242.6,194.84967598145371,mond
KK98-251,calibration_24,15,low_mass_dwarf,2,10,6.8,0.085,0.115,0.575,1.28,1.34,7.89,4.866124842036286,10.109803509462324,21.21876457796366,3.866611989585257,1.716646531148677,2.267089175351637,4.092547265835333,8.452729938450274,20.848640404526193,3.4638091934577058,1.4511002570235063,1.5729538962593985,3.0634086223875148,7.980642995401606,20.769115988300666,3.067642728059745,1.1307735490199171,1.104120216774298,33.7,46.184902650460835,iso
NGC0024,external_151,29,bulge_rich_hsb,1,5,7.3,3.889,0.676,0.1480832420591457,2.01,1.34,151.65,36.62889837720366,50.79760722936676,8.596148006890248,10.041583197815969,7.114424373556407,8.579767708049733,33.728953638638956,47.121073249423276,7.983320812481816,7.546181660692061,4.768410629337364,7.73750287773107,39.55693342638157,49.85907457602099,8.367547950921299,5.751683300671829,2.852499489523524,7.544110240933783,106.3,92.39731798998191,iso
NGC0055,external_151,21,low_mass_dwarf,2,9,2.11,4.628,1.565,0.25270466655901824,3.67,6.11,54.55,24.760746053918787,26.066109323213997,51.632857512168165,3.642225196380859,2.2528941461519336,3.4790712596228563,19.475189846359786,25.31977668613021,49.16158216450396,2.8825052121879198,1.8774809701907562,2.726093082114944,15.718983060801662,27.466797446006176,47.51926290369022,2.8138364716920847,1.8976344554763784,1.8680039772437027,85.6,132.71363485287787,iso
NGC0100,external_151,21,bulge_rich_hsb,1,6,13.5,3.232,1.99,0.3810800459594025,2.81,1.66,64.99,3.95836813920442,42.449532710303785,18.795034419448392,6.653299797776309,3.304571722364522,3.6406502528109908,2.913496105651427,37.71412847089529,18.058807041386622,5.234179269930326,2.9003903281728647,2.9050910238108836,2.131558989199526,42.85996570072333,17.740295587116776,4.029677131281687,2.9378519478290457,2.9881706591890875,88.1,83.52481352527727,iso
NGC0247,calibration_24,26,ordinary_disk,2,7,3.7,7.332,1.746,0.1923331130204891,5.87,3.74,33.79,9.049370819632609,47.04758719406367,28.25868450346,5.766558899832649,6.197481619868148,5.7938611907397535,8.629937806308233,45.20981794784996,27.343471720488214,4.913065484769725,5.440407200233792,4.752865187551529,8.954092033138672,45.139166590936696,30.66850893742891,3.961163003747309,4.872471761116614,4.260915793576295,104.9,119.07387380629866,nfw
NGC0289,calibration_24,28,bulge_rich_hsb,2,4,20.8,72.065,27.469,0.27597604838547635,2.69,6.74,1587.93,49.55575216416684,78.83557831584363,90.97936408664296,48.52182991210435,30.60200308272587,31.601839153132588,40.72870965796607,65.99591289119735,79.81158677465682,44.58802863933453,26.734956281338896,25.29705428636588,32.484259890080594,65.15197708617755,59.558949599210635,46.77183216992758,25.582503156163867,17.005270811007563,163.0,256.6679419769318,iso
NGC0300,external_151,25,ordinary_disk,2,7,2.08,2.922,0.936,0.24261275272161742,1.77,1.75,147.51,9.58722864489587,51.68632811250291,13.972224631634514,5.056805823814612,4.459334822675693,3.8799788112152096,8.867037368903809,48.87154285297495,13.143949759625889,3.671527676068854,3.6370885907028994,3.246503270664403,9.330476613847182,54.28291844161168,12.616817879865891,2.4454686559515864,2.4968951445196836,3.1983993028204623,93.3,84.42379656357177,burkert
NGC0801,external_151,13,bulge_rich_hsb,1,5,80.7,312.57,23.201,0.06909768860324447,7.76,8.72,818.14,122.68146878032199,54.42181526817265,162.29174028592084,53.39922948662953,53.762496684208536,53.34742978615657,101.72169141711893,46.002521690399576,132.48695334060176,45.33766445396528,44.34897213590911,45.43556422215572,112.82547609433811,48.38308482335307,171.51073969559104,35.728316916416105,40.3677512625967,36.961155825745436,220.1,408.27723731969087,burkert
NGC0891,external_151,18,bulge_rich_hsb,1,3,9.91,138.34,4.462,0.031246060979538103,3.68,2.55,1617.45,28.057701998937866,61.67816850903883,51.628263444129175,41.98751525396148,25.54160041735992,26.935950210396893,13.409030494123462,53.41193685228188,50.239646373498175,31.762649340324554,19.857279878433847,9.114953333930746,7.696175465778737,54.69842878968147,48.75324026737488,31.44746521754753,13.89891679265807,2.64698962250057,216.1,233.73529373282068,iso
NGC1003,calibration_24,36,bulge_rich_hsb,1,6,11.4,6.82,5.88,0.462992125984252,2.76,1.61,140.87,13.97227061492686,58.53734795301332,37.19870436801231,7.92654849142303,4.261787746418534,7.755423300712295,12.69122196384201,54.79617014308754,36.77975520285679,6.477210340270933,3.6286052744497415,6.610331810309216,11.696809308208138,62.38705417332764,36.189183829644065,7.04752907211256,3.3955757222332466,6.989631014893895,109.8,127.18845813093704,iso
NGC1090,external_151,24,bulge_rich_hsb,1,4,37.0,72.045,8.783,0.10866283961003612,6.36,3.53,283.68,21.074613017477226,65.43772065341986,50.12949517948857,32.04267446997344,5.578857558409352,6.061138030373146,18.998723447625792,59.230371806555354,49.75297196557059,29.567407736415607,4.279453718561885,4.3275703235284455,22.07111189545769,66.07040410195239,50.948390477487024,31.15667578126164,3.1209868959448244,2.739303841687132,164.4,198.33597747923918,iso
NGC1705,calibration_24,14,low_mass_dwarf,3,11,5.73,0.533,0.139,0.2068452380952381,0.49,0.39,347.4,17.005112523675646,41.162293036517525,8.25110862459134,6.288111174371414,7.871020011803413,6.272522245966433,14.100620636229861,40.72737310375486,7.168585707496603,5.683827687711712,7.249469878447546,5.317262539114288,11.416874774528925,42.16121842706342,8.399134299514259,6.744484900107182,8.732655852761283,6.077786901415436,71.9,68.80034329011842,burkert
NGC2366,external_151,26,low_mass_dwarf,3,10,3.27,0.236,0.647,0.7327293318233296,1.08,0.65,31.98,8.352808459550149,21.00761821791469,25.769003959208078,4.879144154909722,3.6784786668922917,4.658010649500491,5.802103681128306,18.998954886046427,24.614199169035693,4.417763630330838,3.167054622262209,4.079885924783393,3.180342453759163,21.901350351503552,21.97387812076672,4.951040086664886,2.5770663759931836,4.236795176708803,50.2,69.27594041834999,iso
NGC2403,calibration_24,73,bulge_rich_hsb,1,6,3.16,10.041,3.199,0.24161631419939575,2.16,1.39,341.06,17.31237657572147,60.66437688907154,18.279643515388244,19.689674009272686,8.17583297660672,8.088482812345205,16.59460457832589,51.63400496044473,14.295960276496002,14.776981307242671,6.70130796930754,6.771410970139804,18.213505968533696,36.8437525566212,11.75777011672951,8.702767248601177,6.207108582717353,6.816112852533465,131.2,115.28580919022328,burkert
NGC2683,external_151,11,bulge_rich_hsb,2,3,9.81,80.415,1.406,0.01718385255618973,3.34,2.18,1139.8,24.230532916490645,97.01480133046223,17.964311137819454,52.277407753743354,9.752632193674682,14.026620727075949,21.208600640613756,93.48092572803849,15.868931288743054,51.01631651993037,8.114411983471733,12.499923678767002,19.21134418857369,96.8697314358252,15.061327177953558,55.1637858589737,7.337556796616752,11.842048340257861,154.0,191.80497310464767,iso
NGC2841,external_151,50,bulge_rich_hsb,1,3,14.1,188.121,9.775,0.04939463152362857,5.51,3.64,983.63,103.12268177519185,183.40377871646032,60.64034238715089,152.24914840445018,69.03714105079656,95.40813463507763,100.22727102532346,181.45351393262212,58.44707020482264,151.330449282305,68.80577181890455,93.78215503844741,90.2670778846394,171.1180869431425,52.83808701834596,148.61593736633063,67.13980243050693,92.4791356779792,284.8,235.85102937480414,mond
NGC2903,external_151,34,bulge_rich_hsb,1,4,6.6,81.863,2.552,0.030231593911034766,4.54,2.33,632.16,51.570477154848824,42.34603631333442,84.58806008631281,32.02937138334627,24.774316441011315,24.85257640703857,48.80277976806996,36.184863604042086,82.43446624743672,29.073152076029768,19.781596751890234,20.509940024949664,48.671994250648666,27.968936379501827,81.04897992129129,30.191783558232018,21.318714884837874,20.857100020907822,184.6,267.44124639747713,iso
NGC2915,calibration_24,30,low_mass_dwarf,2,11,4.06,0.641,0.508,0.4421235857267189,0.53,0.55,347.4,11.232251143915628,50.05429725763754,13.561340671879217,9.094842729477499,7.704221972539555,7.99118145496347,10.56569973562581,46.62582657996373,9.221435827147127,7.151004787614969,6.682338017085952,6.675748670294875,10.595248915361708,53.87199535797134,5.457289726671732,5.687924929398854,5.980149378408818,5.87426351189848,83.5,75.1142776499989,iso
NGC2955,calibration_24,24,bulge_rich_hsb,1,3,97.9,319.422,28.949,0.0830981912960608,7.22,18.76,974.61,91.08773280400649,93.82609610210366,100.80325237254249,70.97313017408962,39.52241899085038,29.14640255098385,80.95043740268274,81.71933862974667,81.00287938857547,62.85002529458641,30.548707478152625,25.982820077719463,83.3274331963137,80.79527033267607,65.61094350888054,61.450840883270715,25.68781839256293,27.852820844286327,0.0,382.4769983097945,burkert
NGC2976,external_151,27,bulge_rich_hsb,2,5,3.58,3.371,0.172,0.04854642957945243,1.31,1.01,308.2,17.95742434558893,21.165115705111987,17.73198729824233,10.264088606618042,5.666186124979294,5.154322322022254,14.294700385384933,16.575092251635894,16.72489918099985,9.616576365778615,5.046339727132801,4.746892982413302,9.811951095961497,11.46783828528806,18.98249128171482,10.228362439723725,5.653549595871237,4.848540515830109,85.4,58.70626454791386,burkert
NGC2998,external_151,13,bulge_rich_hsb,1,5,68.1,150.902,23.451,0.1345029910583701,7.06,6.2,479.55,44.38051844495478,74.55327380057427,58.21031224389472,50.734222151046154,14.345990281660475,25.4132409919395,41.70792542126023,71.32728892355127,51.87299388337518,47.22008553081285,12.30040295055006,21.1921222577702,46.53208945692698,68.72271845955333,62.44097974997095,42.653744780660105,14.983555556654835,23.390037375124052,209.9,260.96939452318884,iso
NGC3109,external_151,25,low_mass_dwarf,1,9,1.33,0.194,0.477,0.7108792846497763,1.64,1.56,11.4,5.702609951909688,32.941446355988205,10.983280105068655,5.811494381258093,3.7335469125591056,3.7111244784620845,5.265263931870928,29.842509799772397,10.842394316074511,4.773424235394658,3.305196982174298,3.538139261117795,5.9915474363708014,33.22242060214768,10.502456596461208,4.406404205292091,3.578999670199387,3.9315774101167875,66.2,61.77163596066572,burkert
NGC3198,external_151,43,bulge_rich_hsb,1,5,13.8,38.279,10.869,0.2211483681940262,5.84,3.14,178.99,9.170887342996567,63.102079423449354,39.44835405152438,27.924021443421427,4.013248812784597,5.082757372758582,6.7622163893367215,51.69126504120816,38.73315108832037,22.43488991801809,3.393443172047971,4.3098955354921,5.469875309462623,40.10480769340222,39.53495072855719,13.820722369457691,3.3850100026553207,4.336903915756551,150.1,174.1114527783533,iso
NGC3521,external_151,41,bulge_rich_hsb,1,4,7.7,84.836,4.154,0.04667940218002023,2.45,2.4,2232.7,26.306768428036488,32.498270293550036,64.11512171404826,28.307838288081385,24.719676591538864,24.287258991677678,24.408874964053656,24.198351461384814,56.520678238466935,24.841997631794687,22.357586765791005,22.391260525869132,25.776259465368412,17.233931474198528,67.4492191418517,25.035007545668037,21.48266746980073,23.089024478768977,213.7,248.93970637370387,burkert
NGC3726,external_151,12,bulge_rich_hsb,2,5,18.0,70.234,6.473,0.08438604038744835,7.52,3.4,198.08,27.774951304933786,60.70452396888518,61.55246170473577,30.0260023472952,8.871617554817972,9.779442393910958,25.38389743700832,52.4882476636192,60.857477075529495,25.172687232954477,7.018617911864773,8.520672317653561,20.00918698277264,47.608799643593464,62.53593089759056,17.10547306587391,6.092220924758621,8.447698921128023,168.0,197.04809647775863,iso
NGC3741,calibration_24,21,low_mass_dwarf,1,10,3.21,0.028,0.182,0.8666666666666667,0.32,0.2,42.94,1.8068478298322237,24.738171998127093,13.645990041101825,1.4543696927769092,2.8795320790828027,3.306986817416685,1.4287938087825385,22.92663491059072,13.447505080813455,1.221031249937034,2.6500478862998276,2.6437925279996617,1.3139887749108183,23.55637935264565,13.255937369117326,1.1155716743987725,2.554514659190385,1.611319585688193,50.1,54.27962213021215,nfw
NGC3769,external_151,12,bulge_rich_hsb,2,3,18.0,18.679,5.529,0.2283955717118308,2.18,3.38,626.37,25.68930641328519,42.8788186094869,66.12387874970739,9.886306971831166,5.695054335863671,6.187538747333358,22.67283670709068,34.635368015888936,64.72134492400028,8.650197953219338,4.761628227665983,4.762001429631236,24.980075618606392,26.32254484753556,69.02131464235285,6.843053941691444,4.162110839395162,4.010350203417637,118.6,157.06495549072775,iso
NGC3877,external_151,13,bulge_rich_hsb,2,5,18.0,72.535,1.483,0.02003566699991894,4.39,2.53,598.18,15.692443676048995,49.16437543108293,38.47599220963271,25.705253954652928,11.800757611144649,10.932700224795552,13.40562236284945,45.345869883176505,37.64775502738069,23.08813202279846,7.967032327718016,5.738856347940921,12.613116765082907,45.676659400487594,35.02059745506256,25.011781948335965,4.421219777234683,2.0285657773892467,168.4,176.50807706641132,burkert
NGC3893,external_151,10,bulge_rich_hsb,1,5,18.0,58.525,5.799,0.09015297556122133,2.43,2.38,1573.37,5.609316164951162,61.81591828814808,43.03710365660743,32.73797938160479,6.979166127427488,7.132762697686948,4.35288570902502,53.379524155392154,41.68308002070886,26.373108352732675,6.002191586550973,6.240359992969107,4.013853956681061,53.64779240967115,39.72749925444005,24.732914099940388,5.561448811352122,6.197271203609617,174.0,188.14324133927593,c4_4
NGC3917,external_151,17,bulge_rich_hsb,1,6,18.0,21.966,1.888,0.07914815125345853,5.56,2.63,112.94,13.414349669798883,68.5053601905138,17.6319071960434,25.659039520064596,9.147497519246745,8.991014406979458,12.856768676845334,62.98277720658424,14.741642429060088,23.942922609588944,7.907914712697137,7.151305005335301,13.56053487899727,75.89754644468296,11.096325690426312,28.062429558469056,9.781464069757973,5.337742784882778,135.9,126.73061673403937,burkert
NGC3949,external_151,7,bulge_rich_hsb,2,4,18.0,38.067,3.371,0.081350451276606,2.39,3.59,1058.84,10.535432796201995,15.591450397774457,55.31498350038683,2.768142756038389,3.989558009708036,2.81663449094518,8.000231323144925,15.186984390422085,52.35666210829539,2.163228796704043,3.649605647600812,2.5406148745373422,5.096837247555953,15.11395997140778,56.447049973040436,0.9492540133182388,4.24917217566184,2.882822791615979,163.0,171.50869048204467,nfw
NGC3953,external_151,8,bulge_rich_hsb,1,4,18.0,141.301,2.832,0.019648519076131073,6.17,4.89,587.26,25.331958451652223,46.546747955926854,57.9736597156396,23.36430859822019,4.562902308999642,6.273074025458902,22.171713155695752,46.51472461472177,53.79030906943329,23.251835317611754,3.769673297425115,5.677210575068557,22.155214571657282,46.111184770737864,57.345421514830036,23.032140856216387,3.466167191015046,6.498329376839948,220.8,252.4365728861062,iso
NGC3972,external_151,10,bulge_rich_hsb,1,4,18.0,14.353,1.214,0.0779854821095908,3.73,2.18,164.75,16.522067614766048,53.42256357149217,17.423408125297723,16.501209166911547,6.581405828416282,4.053829291175599,15.512160368404446,48.3993035342125,16.503772972723265,14.036562990565836,6.189603299220633,3.5774163635865905,16.029082400641087,50.82344444795986,17.86416321933187,12.502227939598079,6.1290362710797766,3.262765751551207,132.7,120.483431379819,burkert
NGC3992,external_151,9,bulge_rich_hsb,1,4,23.7,226.932,16.599,0.06815970040775098,9.99,4.96,360.44,14.689517515473536,128.29600246648857,25.58743588893433,97.72488805606193,20.85821903599758,35.059848566565286,12.509560806932503,126.26322068375222,24.94425881345565,96.34701418554513,19.491417828339618,34.61669453616155,11.86177732224101,133.63060631855032,24.394436245849533,105.18780543181578,20.09554397993324,34.31685079807215,241.0,259.5201900415334,c4_4
NGC4010,external_151,12,bulge_rich_hsb,2,7,18.0,17.193,2.832,0.14142322097378274,6.63,2.81,14.75,6.481057678026927,43.06193046396972,33.95208362539481,14.477505033813998,7.463640097846827,6.2876223466066365,5.008082101345999,37.23902102495952,33.32653042063967,13.250658341798356,6.356928636980942,4.7886604699443565,3.060498033525768,42.484264355092925,35.25128735744306,13.804797500831175,6.483074996231615,4.113403408564075,125.8,137.15194265797592,burkert
NGC4013,external_151,36,bulge_rich_hsb,2,3,18.0,79.094,2.967,0.03615603027016488,4.11,3.53,746.16,20.392485113782268,83.18608704240465,43.786666400609086,45.431960187252926,9.510526447592609,12.308041400578814,17.03823670612993,79.76408003544734,41.07010257596994,42.85987771943192,7.611361357478434,9.903599677420383,12.901382258325484,69.3914532235417,42.33076213521146,35.256662914590294,6.376521487492852,8.37484951176927,172.9,202.6724616225561,iso
NGC4051,external_151,7,bulge_rich_hsb,2,4,18.0,95.268,2.697,0.027530240391976726,6.87,4.65,319.76,37.60039604441656,13.617857520897273,85.01720358143741,9.46065951865149,11.648549720321512,9.327124222113552,32.12592138017082,8.533432286395291,78.31759100279419,7.98187453339025,8.528927443461384,7.640128183574719,29.23534956684682,3.106821288229739,77.57658291716973,7.2061027641618125,7.0913393241964116,5.631394044914771,157.0,220.02917155700473,burkert
NGC4068,external_151,6,low_mass_dwarf,2,10,4.37,0.236,0.154,0.39487179487179486,1.11,0.59,30.26,3.4133113044646697,13.089096237378847,19.617297099261865,5.928845551081559,2.6478950839852953,2.834439538963104,2.743686532235008,10.516185456537245,19.49154972949903,5.074450640297999,2.328858783910031,2.5427640081679206,2.0958956571278247,9.778592138278864,19.509265167500697,5.3334373691395935,2.196058787688049,2.6790338229486963,0.0,41.26882456697075,iso
NGC4085,external_151,7,bulge_rich_hsb,2,5,18.0,21.724,1.349,0.05846660598968491,2.0,1.65,856.7,16.166500394885055,30.627875310918014,44.806139998958045,20.002695672700707,14.594958231167336,14.43584815223799,14.547608224017633,28.13080867131726,43.77528236634628,16.3029626755013,11.165436870269959,9.406287893864473,13.742196980505938,28.5182647778456,39.12588849317936,11.876999727256091,6.578444246751104,4.13057243697871,131.5,126.3127927241815,burkert
NGC4088,external_151,12,bulge_rich_hsb,1,4,18.0,107.286,8.226,0.07121338042800748,6.1,2.58,457.96,28.54966565587022,49.978818894323865,63.18180491754996,26.081050824804493,12.69145987821446,11.362765224223594,27.097488391700157,44.821830470603125,62.99459332663414,24.302054791718177,7.9780942477620025,7.985702737996463,29.10911259755578,48.7828211514644,63.841559858914835,23.189174112801055,3.6139344640267836,5.053836963685455,171.7,207.38189026691555,burkert
NGC4100,external_151,24,bulge_rich_hsb,1,4,18.0,59.394,3.102,0.049635176651305686,4.93,2.15,388.0,22.020689059779112,93.47910774193687,15.129761693990762,53.57598757133671,14.910012721168213,14.187785708344434,19.331542264986755,90.17569075154738,10.736503942531243,51.22606031722569,12.854543094668514,12.75259656281147,19.322964670642975,99.94504328416232,7.289292070390928,57.63361444757066,11.252080215049531,15.231766029089712,158.2,168.93280342907158,burkert
NGC4138,calibration_24,7,bulge_rich_hsb,2,0,18.0,44.111,1.483,0.03252620958898101,1.91,1.51,1909.11,26.623121017289716,86.479431452436,11.888388046355457,41.23504671595944,7.984335109678578,4.837674433299362,24.661548194171303,83.11556270221955,11.203742464029578,40.24182572000224,6.595475101053316,3.7745637194138704,28.648647427997204,89.83442590513529,10.053411442900227,44.55198644258627,5.276114420933993,2.0780151424021085,147.3,167.9841469714803,burkert
NGC4157,external_151,17,bulge_rich_hsb,1,3,18.0,105.62,8.226,0.0722555030479771,4.44,2.32,848.85,8.709147562362388,85.84644882170976,35.34662419683399,51.140757921727136,9.051100875661708,12.139693182952643,7.518410788219252,79.11361336244462,33.79984092266453,47.61016644345614,6.843269966265765,11.026720492639669,6.992311779573868,85.83712222898443,34.05595715932361,49.393170038849405,6.1476767316229655,11.530426002473462,184.7,200.76085342123093,c4_4
NGC4183,external_151,23,bulge_rich_hsb,1,6,18.0,10.838,3.506,0.24442275515895148,4.47,2.79,86.46,15.704157851580506,53.042764749116984,35.054045060438064,5.903856414615638,4.674024954098705,6.152623159720354,13.596182408509865,51.651711915020314,33.06946815287868,5.106873708429829,3.7485984482212635,5.521130366990321,13.472332464990842,56.404571866466505,33.90728437094808,4.816177948865587,3.122265367498713,4.830027066838795,110.6,135.79061125988156,iso
NGC4214,external_151,14,low_mass_dwarf,2,10,2.87,1.141,0.486,0.29870928088506454,0.7,0.51,363.77,16.589747157141126,41.749618238378595,9.247943435544055,5.086966356562948,6.660322761407884,8.043291670770056,15.385177889646712,40.679625447339966,8.343494279899524,2.4685809738780624,4.488727953242852,4.779609077118833,14.806956794676903,45.13345085975388,7.8698529431390085,0.3208073985334323,1.983473628864786,2.618030574678734,80.1,73.45478485247172,nfw
NGC4217,external_151,19,bulge_rich_hsb,1,3,18.0,85.299,2.562,0.029159695428005596,5.28,2.94,483.98,65.88018777873313,120.9622205912358,41.41994926827975,71.26161490768048,10.869750338738685,10.203476477721168,63.26750513677255,117.49442390854382,39.04156515328374,68.6042760024513,9.826600752661518,7.681620022795408,67.57817683549958,128.02295842111755,44.862292072508495,75.45509146231551,10.11552198507708,6.726554332219848,181.3,131.68905212879736,burkert
NGC4389,external_151,6,ordinary_disk,3,4,18.0,21.328,0.539,0.024649014496730234,4.05,2.79,207.41,30.384205249039017,23.336808573764294,79.37230132512822,23.472027667184193,23.385797508873008,23.41421430305942,30.296505242438496,22.04026713279813,78.7379895551976,22.193849969091527,22.106691048526965,22.144082049221097,30.743714810182347,25.28526795882911,83.11134343215582,25.431552264645518,25.334698656326076,25.363980572792812,0.0,136.13028563771593,baryon
NGC4559,external_151,32,bulge_rich_hsb,1,6,9.0,19.377,5.811,0.23070509766555503,3.82,2.1,211.27,16.25545634632691,50.45120324720744,44.09564092194139,11.129467518873609,2.923093091622404,3.928988434002836,14.722443614536676,45.38055546049754,43.70640455786037,10.370781614832906,2.4412028380182162,3.3266814119029395,17.298754450417853,54.91707938252724,43.47845188154008,11.74702416876248,2.254170361301064,2.9516109187353976,121.2,142.36563299496302,iso
NGC5005,external_151,18,bulge_rich_hsb,1,4,16.9,178.72,1.28,0.0071111111111111115,3.97,9.45,1789.91,81.9616245740837,80.55330572105312,92.86112976738843,61.519432190071925,56.52070736483222,36.288062612798875,69.95617552770811,66.81103716456217,80.00117644517098,53.49343262964703,49.277899099136775,30.766135955991533,66.54524162587663,53.74929957801764,77.01278378992659,53.4988684297078,46.3587616491654,27.013558462900605,262.2,339.1869300073849,burkert
NGC5033,external_151,22,bulge_rich_hsb,1,5,15.7,110.509,11.314,0.09287244608981883,2.94,5.16,2036.24,39.5037654506607,102.66205923781477,46.41657404255662,70.64372387410393,25.234635937663025,35.214938422684284,24.27419528798448,96.18503583363153,38.70681230580487,65.0142533886704,21.12594450396836,21.957197420863576,10.370185081572359,102.67515824268524,34.942654032763315,77.45394268850546,20.636725075360886,12.808294782448854,194.2,227.42051141883255,iso
NGC5055,calibration_24,28,bulge_rich_hsb,1,4,9.9,152.922,11.722,0.07119603508175214,4.18,3.2,1383.02,49.834392219269716,79.1115601328321,82.87903682376188,52.66277154763264,30.5862128719659,32.51518287132733,39.37673142329196,66.20685867414906,70.18180180911736,47.30212271985891,21.158578485931912,26.442001162344873,31.83819206938057,52.21616279735109,64.42041709829194,56.92631975926417,7.197527921913164,19.711744610711918,179.0,294.33516081885455,iso
NGC5371,external_151,19,bulge_rich_hsb,1,4,39.7,340.393,11.18,0.031799939130706854,9.8,7.44,560.83,107.40348700458196,34.212016039521224,146.28565778775385,28.111186350890215,30.955837881773427,25.650302011206556,97.3528821454112,24.119597715533168,136.17313504684606,23.14425354296818,25.625490305995047,22.811842680938213,110.01010096673485,18.14916091767799,158.7424050212719,22.098105444021428,22.383630120061014,23.149029717578117,209.5,367.68191450815783,burkert
NGC5585,external_151,24,ordinary_disk,1,7,7.06,2.943,1.683,0.3638132295719844,2.27,1.53,90.54,3.525101495756688,34.44839483028367,25.6284859552117,7.356137415851248,4.47726320134759,3.8339418859386813,2.763620737287076,26.756319238957985,24.438590673410648,5.7794151180711895,3.6783635373081673,3.17304708463805,1.7366772442871259,23.256251373438936,23.845321802377615,5.318057079711693,3.6265568584826866,2.849634814714925,90.3,94.21760245940189,c4_4
NGC5907,external_151,19,bulge_rich_hsb,1,5,17.3,175.425,21.025,0.10702468821583098,7.88,5.34,449.6,25.224501117042543,111.99569155776305,39.5253053714071,77.73862013401379,6.9432813076922395,18.495370885028485,21.02237212702982,108.48043187709439,35.65519052832922,75.66316338858543,6.182992736968283,13.419073350013173,18.598749537021092,110.2317273819161,41.615250261511676,75.68168392874978,6.579070835993832,10.878799875047662,215.0,253.03119194121146,iso
NGC5985,external_151,33,bulge_rich_hsb,1,3,39.7,208.728,11.586,0.052588578120319175,10.71,7.01,288.95,79.3367368248347,157.41858935598663,40.259354964357286,128.98936086223216,52.56940231062286,67.97128179264496,73.77485198377889,156.9971386901448,33.75194037241757,128.4658422158468,51.00875491110602,67.39248404535394,65.00990229671834,157.7031288017501,26.953187248263816,129.1677659953707,54.32364224394155,66.5642328884208,293.6,250.14240343170675,mond
NGC6015,external_151,44,bulge_rich_hsb,2,6,17.0,32.129,5.834,0.15367594763322184,3.92,2.3,331.76,21.273980358861305,80.31117486994764,16.306512068173987,38.88648856955289,7.698746139555792,10.277531552280985,17.710235468824273,74.45324923706413,14.39382793191454,34.83020631566962,6.222610899551781,8.607720931453828,14.639415230407891,77.16521692943982,14.104382486939116,32.16699519979056,5.07991801177613,7.433628281218446,154.1,151.11861468068489,iso
NGC6195,external_151,23,bulge_rich_hsb,1,3,127.8,391.076,20.907,0.0507472395705648,9.52,13.94,686.8,76.44859319412639,105.72654345709893,70.57549767866604,79.04142940457929,18.35911038542959,26.87004989095531,63.04378486671175,101.5868647080802,59.951810957213304,75.46894576980534,14.17055712170969,25.13782323134915,56.861827694768124,93.39911209408174,57.63446432200257,67.69181942589381,10.486034049599795,25.12426935211525,251.7,326.7845122130624,iso
NGC6503,calibration_24,31,bulge_rich_hsb,1,6,6.26,12.845,1.744,0.11954212077592706,1.62,2.16,774.16,11.797688877853108,60.68658592644479,34.07151891096418,11.715215624633855,6.106590724760124,7.750628718591935,10.24070107829781,55.51790593125264,30.189162814538467,9.899176060548873,3.6392591365430556,5.427120257090582,10.286198137170132,61.94031575579465,29.566387823654765,11.719604125166597,1.8359095796581215,3.5365839287886303,116.3,133.49136880632722,iso
NGC6674,external_151,15,bulge_rich_hsb,1,3,51.2,214.654,32.165,0.1303181683743958,7.75,6.04,560.83,49.98661465828012,155.606041407747,25.007633497842015,118.26705489507789,29.75009726317477,57.43088748076507,41.17308936429572,153.59646302006004,20.56848021693892,117.41507003356578,28.100078120489588,53.91543787673404,33.19588334336743,147.50177348194052,20.100249165958076,113.27777479190455,26.153109229156428,48.10821936688643,241.3,253.63395699717938,mond
NGC6789,external_151,4,low_mass_dwarf,2,11,3.52,0.1,0.017,0.1452991452991453,0.52,0.31,59.27,24.500820058184527,27.837159812885687,10.349359085679946,7.110072094363605,0.8462791520593705,0.7728754188925372,21.149172282627724,24.033574356176228,7.80524388509326,6.425397267332947,0.5004390730430299,0.651168776845561,21.20336108444412,23.601226201082877,6.464533916192923,6.7860456409202,0.12603368085943245,0.5633908545194508,0.0,23.025051700670748,burkert
NGC6946,calibration_24,58,bulge_rich_hsb,1,6,5.52,66.173,5.67,0.07892209401055078,4.2,2.44,571.26,25.012409879209844,69.75909111566722,35.01068380221354,37.10311811256596,18.057037124448655,20.787374544876318,16.4943920636664,67.00348027032483,32.88864080475949,33.64633190943429,12.586771771098695,10.151054152192234,12.484120262729633,72.30433779488524,32.31428509299384,36.337245899116446,9.76392671086198,5.265463844875967,158.9,178.30097491354198,iso
NGC7331,external_151,36,bulge_rich_hsb,1,3,14.7,250.631,11.067,0.04228920358581266,3.99,5.02,2470.76,51.533370709783014,59.880695024892766,103.73571599622801,46.05032880160579,30.87642271247609,32.88424770860293,45.32584168445069,45.15683042217451,96.80912517114783,37.825172472091346,26.877837429444973,27.357965197388918,47.33742238357027,27.801160225421484,98.91603311214976,33.28029864237652,27.122963858810408,21.041496789319822,239.0,314.0267605675121,iso
NGC7793,external_151,46,bulge_rich_hsb,1,7,3.61,7.05,0.861,0.10883579825559349,2.19,1.21,233.79,15.334797391082429,32.078035654560146,18.54991664660275,8.401411256026199,7.236919378940527,6.7341050532754245,13.638070873371236,26.424740428647624,17.149857846348972,6.811309190042908,6.149800631497891,5.743233799601962,13.656796765416239,16.232408309780862,16.64721965230367,6.242700421191941,5.724086054305667,6.330245748428602,0.0,104.32864055525579,burkert
NGC7814,external_151,18,bulge_rich_hsb,1,2,14.4,74.529,1.07,0.014153626370719192,2.08,2.54,2709.13,125.81834057998816,172.74930549540244,97.50870775836694,123.78295888217666,37.819779702804965,61.713635593368366,120.81105241889082,171.8454867739508,92.05856389849922,121.80548684535665,26.828012303646062,52.10437099130625,108.54436264505993,164.86246737861165,80.75232337882727,114.20205421102324,16.81624146251812,42.310365128344884,218.9,127.3049768285116,iso
PGC51017,external_151,6,low_mass_dwarf,3,11,13.6,0.155,0.201,0.5646067415730338,1.28,0.53,15.03,19.73841707641505,5.043607753348993,33.53207890270676,3.493939117169664,5.022390037551924,5.0238776197510155,17.251082418818296,3.5346758093420507,30.56663905351195,3.1411660040832565,3.6745886323072923,3.626441809619323,17.292775949987924,2.3098038029387915,33.39069273362913,3.535217811296249,2.324188807292666,2.1971468503863,18.6,49.17429576535995,nfw
UGC00128,external_151,22,low_mass_dwarf,1,8,64.5,12.02,7.431,0.38203691326924066,9.63,5.95,20.36,16.43324938487304,76.02223851212626,41.63343438036952,23.393867704130585,4.113436591851576,6.591870905967713,14.32488339433833,73.9925842708608,39.058161775895044,22.481795908378082,3.102067802578139,4.40540760026498,13.349172982159075,80.62113114640279,40.84817904255904,24.37494672670485,2.523047558896593,2.3033204803905605,129.3,155.53455978470458,iso
UGC00191,external_151,9,low_mass_dwarf,1,9,17.1,2.004,1.343,0.4012548550941141,2.5,1.58,50.21,12.576392534540442,35.786209698908365,13.294737608234467,5.407599415277864,3.6411556242382055,4.373575378790483,10.429347658203685,32.64789756504289,12.190306449364433,4.250476480701602,2.9276698703690127,3.5094678126598433,8.28560790107451,30.548719925155403,11.714981442030805,2.9834764626978085,1.8239099854129677,2.8465352401670145,0.0,86.47784336150794,iso
UGC00634,external_151,4,low_mass_dwarf,2,9,30.9,2.989,3.663,0.5506614552014432,4.26,2.45,26.11,8.442685745459324,55.82543938951437,30.52196670253737,7.891784981571108,5.8803182631421365,5.100590840677693,6.24638799847245,54.27021649382611,29.89324898067618,6.753716413022627,5.066924451158858,4.6952003028989395,4.2609038841148745,59.96974294068831,28.17689173213877,6.041917875835232,4.202571079600446,4.722988552511069,0.0,123.21802877770034,burkert
UGC00731,external_151,12,low_mass_dwarf,1,10,12.5,0.323,1.807,0.8483568075117371,1.4,2.3,25.63,7.899572554980753,40.338654693185894,17.78539782581218,2.027930872651068,2.75300147113762,4.596024133952219,6.748930739485135,39.54020162655981,15.609452945045694,1.6809284841400316,2.449378841374463,4.144011487464505,6.821491271857997,42.329053188609905,15.959749608831892,1.773209032611696,2.54213026426126,3.930664805820335,73.3,83.95812985604145,nfw
UGC00891,external_151,5,low_mass_dwarf,2,9,10.2,0.374,0.428,0.5336658354114713,1.76,1.43,19.09,6.053576502301767,28.051947171192946,25.247117111199497,5.999203670815984,3.4296792785078347,2.359256651031048,5.651645673328953,25.918711765920772,25.208579574797135,4.446422444126637,2.723281464710895,1.9273256001036998,4.656601233442586,29.366729320146895,25.11302190783092,3.4858791380000866,2.317227215620022,2.303530770620071,0.0,72.9098127690154,burkert
UGC01230,external_151,11,low_mass_dwarf,1,9,53.7,7.62,6.43,0.45765124555160136,6.45,4.34,28.63,23.27576232500714,55.27303440357312,39.47018408305754,10.985256211374173,9.010426295237949,8.243263543060499,17.970176321533845,52.00643653271907,31.27368937666105,9.012894701687499,7.952735298210666,7.65347190914018,10.947198924701993,58.776828645247946,23.103303465494296,9.135574963747104,6.81584291530794,7.320352361325959,103.7,147.81666174800444,burkert
UGC01281,external_151,25,low_mass_dwarf,1,8,5.27,0.353,0.294,0.4544049459041731,2.01,1.63,13.83,3.6768543153477102,22.455984134539527,15.39283251922537,6.622643366885662,3.0354905639063405,3.6717873674297734,3.21265342541996,19.067957748057548,15.182839771598584,5.654359226000227,2.53263418328708,3.0185230474882827,3.4828412358955134,20.74940979689891,15.527751089047513,5.074210750214718,2.353455891751043,2.6860524238792323,55.2,60.405727344459365,iso
UGC02023,external_151,5,low_mass_dwarf,2,10,10.4,1.308,0.477,0.2672268907563025,2.73,1.55,27.59,6.3143245699351125,17.251693169251237,27.63489116560585,7.600867661062678,3.6721756799746053,3.0851742605744072,6.040968579159762,13.900816684868289,27.50635346374966,6.797512828043294,3.2008508226083294,2.7819344368403565,6.344665230350827,12.035740312686272,27.874505310701686,7.350715959860985,2.654013154412489,2.6247615035116567,0.0,61.371745357360375,burkert
UGC02259,external_151,8,low_mass_dwarf,2,8,10.5,1.725,0.494,0.2226228030644434,2.4,1.62,47.08,18.75273828818244,50.683974091391036,7.83181407490081,5.447502667711009,5.106475598215265,6.215063979300291,16.592116406568962,50.16594734585754,6.785014974931768,4.690826219855712,3.993351037314313,5.140653849410843,14.177911437661372,51.32168164704624,6.892063189555586,5.624284528464322,3.7223928179717944,4.25025022361157,86.2,83.25956175907756,iso
UGC02455,external_151,8,low_mass_dwarf,3,10,6.92,3.649,0.803,0.1803683737646002,1.49,0.99,254.0,24.972752894295752,16.502803185118854,58.191923617682676,16.60430533114775,16.512404837310953,16.520294624869305,24.668867719079607,15.02138316589034,57.59503185475576,15.074187954286177,15.012935565612562,15.010185496302334,26.055685009792267,15.332951232188844,59.53374994182674,15.509542215892921,15.37443610686568,15.400137648146139,0.0,80.07152839408707,baryon
UGC02487,external_151,17,bulge_rich_hsb,1,0,69.1,489.955,17.963,0.03536594489661717,9.63,7.89,818.14,105.02467948708605,222.1914844017173,56.47838935454211,192.22514849369375,112.47161107160326,133.39712473424873,99.14523305266869,220.23271389561765,52.0660169718915,191.1056537020404,112.01003175927099,132.7642378827582,82.16151984019473,225.3577007296133,42.499784028198405,193.37910583352343,111.01868530679684,133.56038604019474,332.0,307.2957650758748,mond
UGC02885,external_151,19,ordinary_disk,1,5,80.6,403.525,40.075,0.09034039675383229,12.2,11.4,421.53,66.37645713671198,142.3217194256925,77.13673510152735,119.97105369765552,47.6148677380418,80.9731967470763,42.25458077767767,137.00297110944945,69.52671709041624,113.71665209114165,38.18992473936572,64.64641290945734,26.167399825686005,128.9325581499851,60.81239751079539,104.16080302498582,32.86697752697282,58.297467418566754,289.5,327.61124355155056,iso
UGC02916,external_151,43,bulge_rich_hsb,2,2,65.4,124.153,23.273,0.1578622495353601,2.8,6.15,2425.66,108.85461478143229,150.62401258641293,77.89613323100275,104.98836553462613,20.646597916496944,42.209309857090844,102.19133901288205,150.23864369211415,67.86013956540879,104.5585426356155,14.889754848591176,34.80807063942293,102.41052230715695,146.72298076004827,62.539460107699256,102.05373476876551,9.486741185309342,29.030535674848437,182.7,155.0291547713162,iso
UGC02953,external_151,115,bulge_rich_hsb,2,2,16.5,259.518,7.678,0.02873546011167832,5.03,3.55,1544.65,109.44471740236366,159.0208853497911,74.95271429220415,131.077011147649,56.293368113936324,90.28306001273555,106.10452860122844,153.41567804268388,66.54424332570395,127.29247798415945,50.1724092371846,82.13581979246145,102.14985732812946,140.22302815816056,51.20911725693148,119.6224228967674,54.05471507179618,70.29824667919848,264.9,242.01842139221145,iso
UGC03205,external_151,48,bulge_rich_hsb,1,2,50.0,113.642,9.677,0.07847128179761433,5.35,3.19,587.26,71.74982937615829,127.60591736161379,36.56499036424161,92.06614929538067,10.56122027878955,31.94488767663211,68.47468325775087,125.94425168542817,33.61374197536268,90.8160557057087,9.075858032666268,28.445666284608823,69.08176952913233,122.63569824312381,30.398496375146152,90.22172281301673,7.398359402447397,24.812664586530516,219.6,180.66609359486372,iso
UGC03546,external_151,30,bulge_rich_hsb,1,1,28.7,101.336,2.675,0.025718433627212507,2.58,3.79,2403.42,83.84717067362104,104.34215136099994,68.32065994028515,78.49221123191175,41.72738534456333,39.660104424453614,60.55187428697887,95.97236341303315,57.08071374804246,68.84363973857543,33.58566770033062,30.018069520154896,44.14279096754157,94.5700256710945,51.46442751247203,67.23216770408538,28.524621600228244,25.399379520811777,196.9,205.45476466938385,burkert
UGC03580,calibration_24,47,bulge_rich_hsb,2,1,20.7,13.266,4.37,0.24778861419823092,1.84,2.43,614.94,20.464665561690346,49.84440357767128,25.190267272060357,15.933203308309173,15.782604452112228,17.163782996494724,17.500146411884764,43.019806898216046,22.298640275385413,12.462803861679298,10.252216025529535,13.108467475142646,16.04121120978165,29.475804926396435,25.557200305211985,9.187265412141784,6.676637265043425,9.142919436654303,126.2,117.78774287142629,iso
UGC04278,external_151,25,ordinary_disk,1,7,9.51,1.307,1.116,0.4605860503508048,2.46,2.21,34.11,7.643535151624887,37.321422247131146,15.89910206504186,9.449297846705631,4.7241375312423655,4.3141039244267585,6.01870133113707,32.427986737871755,14.410705976243952,8.80335760498908,4.153476008568153,3.691101371029636,4.023055243772809,26.480343352556254,14.304538563595003,9.492649188473763,4.792461224036558,2.7969800687001367,91.4,77.21405707471376,burkert
UGC04305,external_151,22,low_mass_dwarf,3,10,3.45,0.736,0.69,0.48387096774193544,1.23,1.16,76.71,19.968980919541117,8.18969277492671,38.394998244951566,4.377034373049292,4.045041785283845,4.0742230391704775,16.411963520979505,7.555487593334164,36.747716260619946,3.234804229948543,3.5477228765535926,3.193239513751422,17.253741609723132,7.287854859330471,38.67232702971551,2.1494936722094025,3.1415782897297397,2.4941706968215414,34.5,67.68754545707607,iso
UGC04325,external_151,8,low_mass_dwarf,1,9,9.6,2.026,0.678,0.25073964497041423,2.79,1.86,41.0,26.365205666412347,48.29516878449079,8.244766027659347,5.139956746299046,4.615396380086882,7.366065134020013,24.475180221970696,47.18410397856274,7.194907476950458,4.324440987173197,3.6090942366357934,7.133626665588628,23.56417815475184,52.223516022102544,6.376352252238043,3.920302516458804,3.170413839113344,7.547224257745842,90.9,82.61973224988294,iso
UGC04483,external_151,8,low_mass_dwarf,2,10,3.34,0.013,0.032,0.7111111111111111,0.26,0.18,29.71,2.7898172416157,8.59647565426539,12.825374259757007,1.6544016694120713,1.9011499870767665,1.6098149913587354,2.2398238725033424,7.825598475948688,12.35121450947116,1.4044286945258921,1.4634579452283152,1.287662215479072,1.788152178925145,9.490948222702858,12.015994237078836,1.0333963968922752,1.1729790001838367,1.0528128298842852,0.0,26.131478010192218,burkert
UGC04499,external_151,9,low_mass_dwarf,1,8,12.5,1.552,1.1,0.41478129713423834,2.69,1.73,33.79,8.861551482466684,29.201885922196947,29.84274881427549,4.010444594575428,3.7284029869413406,3.96801288639736,7.178779651108491,27.307267989945323,29.46102952012678,3.507263990778748,3.4343510461062876,3.414030646699529,5.067412799988361,30.859338164523393,29.094916379043127,2.958199621371463,3.776535982170735,3.5095939381277503,72.8,90.90241474166477,iso
UGC05005,external_151,11,low_mass_dwarf,1,10,53.7,4.1,3.093,0.43000139024051165,5.02,3.2,25.63,15.842338178833323,44.62978927944725,35.89984713829508,12.825549161083568,5.33126790364688,1.8451888083071195,15.611450276900639,38.59853510553698,35.554390332084004,11.116709091284488,5.103181383784254,1.6144094905804172,15.81356439080185,38.61161805272311,35.34273002389713,14.344508948137243,5.694156876629407,1.6643752068384998,98.9,121.41696669811738,burkert
UGC05253,external_151,73,bulge_rich_hsb,2,2,22.9,171.582,16.396,0.08722297290108418,4.28,8.07,1488.78,131.90996141580132,158.19639272962525,97.74224841552703,123.08523298063794,51.52436581422184,70.34019626789731,118.9564719134152,156.3282930502219,81.26733239449207,121.63824816450065,40.412064043564534,62.355473220687024,130.2362304417374,153.6092432020393,78.54037467041402,118.91882425482973,34.303168490892574,46.62949521423465,213.7,224.52078411712245,iso
UGC05414,external_151,6,low_mass_dwarf,1,10,9.4,1.123,0.574,0.33824395992928696,2.33,1.47,32.87,2.4791477025764284,20.79721913024877,23.64400526013977,4.072169922435099,2.713459658614378,2.0093036125100996,2.1928119032227897,18.828673101265974,23.55585691300978,2.7970859904241476,2.450440683824999,1.7090835157029929,1.9526610920591807,21.100546326784432,23.416020691628383,1.2582551964430237,2.680102364806089,1.1997023726948406,0.0,64.341288976236,burkert
UGC05716,external_151,12,low_mass_dwarf,2,9,21.3,0.588,1.094,0.6504161712247325,1.84,1.14,27.59,6.08656749051151,41.329317018380785,19.146784657954104,1.9410374938823798,3.2590494807371884,5.018239622656951,4.897734180256293,40.34027887145929,18.23248770283582,1.72445099680825,2.7734696182214074,4.295500013633106,3.7315139743695696,45.19637947370187,16.10502885147205,1.7488319846618445,2.831682807254005,3.978173800696503,73.1,83.64481066454113,nfw
UGC05721,calibration_24,23,bulge_rich_hsb,1,7,6.18,0.531,0.562,0.5141811527904849,0.6,0.38,233.79,20.30697802299132,41.35391496192204,8.765244601061044,4.500187991828221,5.159321073512983,3.3484667235501187,18.26052260830995,39.2306229118831,6.84846360997229,3.8143925332347384,4.309963654713308,2.749262696335752,18.84354365690406,47.006271650651755,5.058284879570593,2.3982805477166664,3.7187546142837675,2.4207768156750404,79.7,77.07355537010908,burkert
UGC05750,external_151,11,low_mass_dwarf,1,8,58.7,3.336,1.099,0.24780157835400227,8.8,3.46,6.87,11.206002823793572,32.43092901050798,29.25332613828739,10.86159124845857,5.273765911586811,5.646239763857961,9.384899010451704,27.587032136295036,28.135544332333044,9.821186106588577,4.651139305674693,4.636166473690893,7.926016488810028,27.301734882041806,27.188096884368086,11.425754485925149,4.174928851208598,4.8349537227075015,0.0,105.45774171242729,iso
UGC05764,calibration_24,10,low_mass_dwarf,2,10,7.47,0.085,0.163,0.6572580645161291,1.2,1.17,9.31,14.7427859380333,29.8941354983962,9.44626139875918,4.564798725760644,3.439534172966561,4.706360879924489,13.133316072132192,29.15755565591612,6.363926140945733,4.032078745842557,2.717389216633543,3.7171104888950524,15.03473164503976,30.97117061810087,2.3467862905423935,4.809665725229767,2.0789096759082195,3.093867513065632,0.0,51.66679028864578,iso
UGC05829,external_151,11,low_mass_dwarf,2,10,8.64,0.564,1.023,0.6446124763705104,2.91,1.99,10.59,4.611943472068579,27.007231228232616,22.18670819283084,5.546612608292885,2.392252649859798,2.136971776389608,4.130721904970705,24.94075621642553,21.87386876247461,5.019145574192634,1.9972684178359927,1.7292341008477854,5.17461714958408,24.97276588057017,24.038347213345588,5.126701204218094,1.6184422260127462,1.283203585693542,0.0,73.97627912545494,burkert
UGC05918,external_151,8,low_mass_dwarf,2,10,7.66,0.233,0.297,0.560377358490566,2.63,1.66,5.36,4.373869424613552,22.517411513295635,14.08926291122519,1.4762987377622288,2.7691584896942127,1.8224454729231796,3.86708495264857,21.850497006792665,13.310919986051886,1.3165649601432308,2.4383429323224592,1.5492180698325462,3.8068507314923172,23.821638882004443,13.019134135588612,1.3838469469511914,2.591695974726548,1.3936814607933634,0.0,48.44273999747952,nfw
UGC05986,external_151,15,low_mass_dwarf,2,9,8.63,4.695,2.667,0.3622656886715566,3.12,1.67,76.71,18.45072240665707,58.27409156916154,10.854988962088505,13.68010231570702,8.017391684261524,7.686287816623048,16.72097817525086,54.021491753432535,8.303234947351472,12.578180750134148,6.413954701955498,5.52229944970507,18.90998669864021,66.46047014369924,6.756262728715697,13.823615804526469,5.363448391984775,3.5352901871162885,113.0,101.0486978969037,burkert
UGC05999,external_151,5,low_mass_dwarf,2,10,47.7,3.384,2.022,0.37402885682574916,4.83,3.22,22.95,14.792739310881657,45.8570178495308,37.47355174169786,9.518602303712427,4.221687715556371,6.423051193723324,14.215278226799404,43.23759406039819,37.20180436781087,5.377339329583549,3.8846152169456674,5.05359885027877,14.565812203478956,49.03956475494319,38.17102557218479,1.2527894140948774,4.286434746867556,4.703163992977409,0.0,119.41613566548129,iso
UGC06399,external_151,9,low_mass_dwarf,1,9,18.0,2.296,0.674,0.22693602693602696,3.45,2.05,30.82,6.242581646565986,41.869105216226195,15.479831185748635,6.086421135812778,4.76979664564286,4.9379696397364325,5.522081957536338,38.9339355421649,15.257044278308923,5.145870836482126,4.487527419236244,4.562856716479279,6.754370912017649,45.142153487631965,14.529445116076289,5.048811214097121,4.89515651585441,3.844866785512579,85.0,85.79252915100628,iso
UGC06446,external_151,17,ordinary_disk,1,7,12.0,0.988,1.379,0.5825940008449514,2.06,1.49,37.05,11.701315505712593,45.162277243505606,14.601045872513557,3.8029636047023576,3.869068362775806,4.576680010712397,9.651041386358342,44.10140956784491,13.005682133834648,3.3386423552842994,3.0659006893629095,3.196540073782167,10.5108953595539,48.76819503298401,11.268369629705873,3.9087728217640603,2.2712777373539836,2.1371286338242825,82.2,88.07497995366948,nfw
UGC06614,external_151,13,bulge_rich_hsb,1,1,88.7,124.35,21.888,0.14967381939030897,3.68,5.1,1461.61,58.200700525519835,137.18048779731834,36.734320430208626,86.40706809418218,20.285150409209944,32.17242227138672,51.806922673757555,134.20513871733178,26.361923941487255,83.26778130273354,15.729287993197392,24.688077861288285,52.206523000071996,145.3820101231708,26.935107196558675,88.67269185332677,15.16920372854429,21.056147978557362,199.8,150.54520051173847,iso
UGC06628,external_151,7,low_mass_dwarf,2,9,15.1,3.739,1.5,0.2863141820958198,4.14,2.82,34.74,33.761932867970614,5.524216923102217,54.202961756368495,1.7873525168523785,2.134821095409309,1.7995042029600319,29.06129479582784,4.986317840173302,51.64216334592847,1.364122017742235,1.7202109635966696,1.3311994339863336,31.234304950556442,4.761330919426825,54.6528828255769,0.8945758740824417,1.93461845380574,0.7481875010244039,41.8,94.37952201785227,nfw
UGC06667,external_151,9,ordinary_disk,1,6,18.0,1.397,0.809,0.36672710788757934,3.5,5.15,18.06,17.91791000824126,49.66247844042202,4.659536973803245,6.125994064011572,4.709160170426053,3.6305315111254646,17.259956201491075,47.77473605975969,3.9327775594547396,4.176628797636395,4.173142318877724,2.729911949150525,17.751658382647335,55.76830076970036,3.951108527929687,1.5935584259102882,3.9197022820050336,2.0441273304105145,83.8,75.69137350246736,burkert
UGC06786,external_151,45,bulge_rich_hsb,1,0,29.3,73.407,5.03,0.06412789882325944,3.42,3.6,992.73,97.77768127693592,139.69057442053136,61.921275934823164,101.24782146335662,23.2691536259081,50.23671337881394,95.64280604026919,138.19297408559322,57.18279092906424,99.85134791337758,13.266116738544689,36.65324056587812,95.86635376303671,126.83545142131072,50.0994081413821,88.73276814983572,5.275270200050869,18.96173498497498,219.4,162.2883699156244,iso
UGC06787,external_151,71,bulge_rich_hsb,2,2,21.3,98.256,5.03,0.04869972697170962,2.88,5.37,1891.6,136.94820741703867,173.94333514625635,103.87546289834415,135.49423929020077,55.871292778228614,83.79057338595514,128.57824046360787,171.24657147652,90.58454974853035,132.07248129357103,44.40501518716165,72.9943530231558,115.78956220160215,157.45567844885855,71.26056443362265,117.10887938661003,32.069496028831196,60.91582181522213,248.1,168.58044871624634,iso
UGC06818,external_151,8,low_mass_dwarf,2,9,18.0,1.588,1.079,0.40457442819647543,2.12,1.39,56.08,9.087528344008694,30.16863545057165,28.16030801243703,10.709765864041263,4.806952071232262,4.993581365881853,6.968436369254125,24.00531673036826,26.706627601236384,9.825229376966128,3.9127917596996795,3.8647908226479526,4.457386829714395,25.64569962384588,24.381592384423577,9.40175100991458,3.3428060595505933,3.5596996773395126,71.2,73.6645088031815,iso
UGC06917,external_151,11,low_mass_dwarf,1,9,18.0,6.832,2.023,0.22845849802371543,4.52,2.76,53.07,8.616670491921525,46.11842779585464,26.040751148994058,5.318534676266346,4.433180060013049,2.979025373595354,7.850524806703319,44.68918549309092,25.70643929410411,4.8706255524417745,3.778520693054577,2.337198429876328,6.882205572027772,47.35651004654746,26.129577006746743,4.597289646983043,2.6993220944180507,2.2606415703056797,108.7,117.88220557202777,burkert
UGC06923,external_151,6,low_mass_dwarf,2,10,18.0,2.89,0.809,0.21870775885374424,1.66,1.44,166.28,5.737377505058188,24.216025162491285,31.8782621626238,5.372249818108884,2.7972879358365637,3.2819630813088745,4.642051997354181,21.77427022724089,31.680913811039975,4.719796055680732,2.2489016836299505,2.783844549022966,3.125042448641487,26.682840179087464,32.27211545225661,3.4054723687221724,1.9600290349506224,2.7707934008140356,79.6,83.29381444140044,iso
UGC06930,external_151,10,ordinary_disk,1,7,18.0,8.932,3.237,0.2660037800969677,4.38,3.94,73.93,19.909329785521773,44.82098843235678,42.12419665728669,2.949881788383762,2.540785579500841,2.749455862993974,17.5257652344534,43.85945251800818,40.15509882230748,1.6258208447468057,1.6158353703064592,2.1244939200340527,16.60738831017016,46.23059744456798,43.31244598601502,0.8037538121858745,0.8016951914024446,1.597765671768741,107.2,138.8276939076191,iso
UGC06973,calibration_24,9,bulge_rich_hsb,3,2,18.0,53.87,1.753,0.03151573989177139,1.61,1.07,3317.65,40.943722841732914,42.317095160336976,68.43132497582828,36.434717253316215,31.998934134881267,32.28927749826551,37.42203540588013,38.24959040069853,64.19259470408457,32.66449755833608,26.448759587414827,27.826194254551364,43.72882568565964,42.094882571748315,69.20500243383216,31.12547969983615,22.051671664329206,23.26340087837974,174.2,234.2009069340907,iso
UGC06983,external_151,17,ordinary_disk,1,6,18.0,5.298,2.967,0.35898366606170595,3.95,3.21,53.56,14.461193061434926,51.53525794139267,31.3877157944005,4.88827137327175,4.492020884723117,5.522072113781584,12.36227586122732,50.720443322153415,29.55667514862703,3.3980072621340485,2.905978691215424,4.8515065782546465,12.041154027713517,53.84604964690129,30.898874278635475,2.587321720007509,1.8763980429386464,5.184448396737068,109.0,128.4163748044428,iso
UGC07089,external_151,12,low_mass_dwarf,2,8,18.0,3.585,1.214,0.2529693686184622,3.9,2.26,37.4,13.432394261141445,29.183498606576904,33.994544539695795,5.862371966128159,1.7602063716065368,1.7072224689697628,12.81015259499273,26.28388555326002,33.85608680554916,4.661009024804842,1.523001585067768,1.3666091130953417,13.747671068353732,29.632793068368418,34.66576504733095,4.1364443799125254,1.562726493212459,1.4709268734039966,0.0,94.2218419109806,burkert
UGC07125,external_151,13,low_mass_dwarf,1,9,19.8,2.712,4.629,0.6305680425010216,3.92,3.38,28.11,37.735604480119484,20.931522655017705,58.826474203830436,3.4626350898277867,1.8750245281944857,2.952187014930065,35.132233756912115,20.100284912716106,56.96486614446668,2.8789185402814637,1.6749001969805049,2.681534193397808,37.89253196192978,22.27331135072476,59.44193512340928,3.098911303539168,1.7829838715354214,2.9897798190813916,65.2,119.46760837772841,iso
UGC07151,external_151,11,bulge_rich_hsb,1,6,6.87,2.284,0.616,0.21241379310344827,2.17,1.25,76.71,9.192035191091815,29.99410060943238,20.829416253617772,3.9465470194520353,3.807903814530965,4.880346031150832,6.871189661095994,28.128596528559136,20.414505124382494,3.1532381514059398,3.429505062913368,4.392319174624526,3.179180424721949,29.965857532927508,21.634102195036434,2.4872213968454204,3.891981024898101,4.975458980577287,73.5,79.37918042472195,iso
UGC07232,external_151,4,low_mass_dwarf,2,10,2.83,0.113,0.046,0.2893081761006289,0.46,0.29,83.34,11.076795286390373,15.0510448241425,9.372124351016208,4.324384005590647,0.7738990921645642,1.903889402775459,9.485161481398183,12.780245714865162,8.682795017344752,3.8030323946056894,0.6919957533277463,1.6800972971772232,9.543051708651804,12.023968171379956,10.102760418956215,3.8870725013752487,0.6154950522746798,2.03061710918999,0.0,26.922801164971414,iso
UGC07261,external_151,7,low_mass_dwarf,2,8,13.1,1.753,1.388,0.4418974848774275,2.66,1.2,39.16,8.089177147498916,37.0165993028902,16.114482987760475,1.702872564620128,1.9739105304262006,4.632830542799735,5.630009632385826,36.09764251374646,15.751602937831723,1.5907627204357613,1.8147993702393725,4.420843171570503,1.4893647652314854,36.982797353002894,17.310158820395728,1.439389754229694,1.3405022449929191,4.169287968660825,74.7,77.58936476523148,nfw
UGC07323,external_151,10,low_mass_dwarf,1,8,8.0,4.109,0.722,0.1494514593251915,3.26,2.26,61.49,1.8022521222399202,26.776645818412923,27.700147839997832,7.576999927673896,1.806342020993639,2.467659466083472,1.4044546992242768,23.44580759047687,27.469308476981194,7.077365648627588,1.5027693235828259,2.1569794336747883,1.3906804630400327,22.678502223247044,27.303240042492973,7.720245357716976,1.3087130617188976,1.867263328231065,0.0,89.56019447887117,c4_4
UGC07399,external_151,10,low_mass_dwarf,1,8,8.43,1.156,0.745,0.391899000526039,1.27,1.64,113.98,31.82275984897304,55.7031247538661,5.2033865272407605,3.5969730709482985,2.8050668501691836,3.4884426559032438,31.204174707306187,54.504877133121695,3.754442906859809,2.6854321683932847,1.99527813469481,2.9161095178707668,29.47800853120878,56.690075535958286,2.4769095634432574,2.0850530507630793,1.437613044965751,3.060806806394801,103.0,81.06055754917602,iso
UGC07524,external_151,31,low_mass_dwarf,1,9,4.74,2.436,1.779,0.4220640569395018,3.61,3.46,29.71,8.249194370535145,35.15701621792573,26.192018190510257,4.646933483250542,4.008576994744759,2.50230883676856,6.234864822519978,33.251076157678796,25.189870815369247,3.197055532139191,2.872310526095378,2.1953343168332484,3.985822901751334,37.771867687062795,24.662331742021195,1.4075381205366995,1.699813561573393,2.3531016076387345,79.5,97.84743099358903,burkert
UGC07559,external_151,7,low_mass_dwarf,2,10,4.97,0.109,0.169,0.6079136690647482,0.98,0.58,17.9,4.359659902775531,11.05389538641057,20.046793157455934,2.524862467372482,1.6826129674680874,1.0312383151550415,3.9808391985590044,9.622711574245585,19.924415981243044,2.1372406086049787,1.4345026705400226,0.8563548416572362,3.2871233070402504,11.356786968085444,19.572659476639814,1.6266035215200816,1.0935771801183698,1.004136060828431,0.0,39.77452770508283,burkert
UGC07577,external_151,9,low_mass_dwarf,2,10,2.59,0.045,0.044,0.4943820224719101,0.77,0.9,11.94,7.6045390461850335,2.9278310123539186,20.55419613037505,1.6924235690118483,0.8667311234106142,0.8864993702566898,7.184973233189753,2.1373804363412554,20.084141043737947,1.480837114897928,0.7906641282231216,0.8040932960393123,7.730727344818401,1.4025356743932438,21.635953994192437,1.5105927749050965,0.7689605137242079,0.7692628545188,0.0,27.751590433429996,iso
UGC07603,external_151,12,bulge_rich_hsb,1,7,4.7,0.376,0.258,0.4069400630914827,0.85,0.53,81.81,11.235400445247326,32.64632286531867,9.149114100412676,4.178618545755077,3.560936350643002,3.700725973577629,10.443573333479533,30.396089930358652,8.384910869659025,3.4650157368950563,3.057233795888415,3.231427833060686,10.558402651914854,37.12804090254041,8.211127857321898,3.2465209368797048,2.3930504007812896,3.201217086407837,61.6,57.0531345717434,iso
UGC07608,external_151,8,low_mass_dwarf,1,10,8.21,0.264,0.535,0.6695869837296621,1.6,1.5,16.48,11.006404985757758,34.433182658370676,7.917370516828431,6.005024129157295,2.3654177005040626,4.361623623684321,10.28183465885775,31.82870232810465,7.3195860015127705,4.272122523638553,1.685234550889055,4.058902775089734,11.901947171554095,34.73672818578238,6.093737624985071,3.466525302027563,1.199435360263446,3.7551215253284838,0.0,57.61145620773174,iso
UGC07690,external_151,7,low_mass_dwarf,2,10,8.11,0.858,0.39,0.3125,0.86,0.57,184.01,9.545804783260992,21.986503350515388,23.57439797081958,1.5680545668749686,4.0539211949090115,5.750740217717721,8.314616998320092,21.711027199736144,22.424928700211243,1.2260194108899103,3.726473755696173,5.344490293626727,8.788466175573461,23.42429986346496,23.72207606234859,0.6169503664562157,3.305102209523845,5.66872327188787,57.4,66.89577764887872,nfw
UGC07866,external_151,7,low_mass_dwarf,2,10,4.57,0.124,0.118,0.48760330578512395,0.95,0.61,21.92,2.951024359622823,12.171340455341715,17.097339576347782,1.5016870770945328,0.9592756400686565,1.2710002667960871,2.5575788648535527,11.447816299869828,16.81733319512409,1.253907907297517,0.8271198783776078,1.1722152674931388,2.3350633135123786,11.883482626582296,17.71553056708958,1.1647653512050944,0.6865519635094053,1.1414975501775935,0.0,37.749432263845414,iso
UGC08286,external_151,17,bulge_rich_hsb,1,6,6.5,1.255,0.642,0.3384290985767001,2.25,1.05,39.52,16.995832665311895,49.74266760094725,5.308592693546445,4.963842505655094,4.918775895655931,4.285643194896601,15.915096384333694,47.86749297054865,4.0441174575320975,4.036697810314433,3.933381408624706,3.4229414509938776,15.463592344232126,53.36864243971313,3.356045827327364,3.186095485037157,4.092040271923466,2.987063127212025,82.4,75.36730616804782,burkert
UGC08490,external_151,30,low_mass_dwarf,1,9,4.65,1.017,0.72,0.4145077720207254,1.14,0.67,124.98,13.128959244100527,45.13406101876043,15.020183884875722,2.2022111385337353,2.7164293764122136,2.6436012465937595,11.028570587614535,44.35093020246619,12.53635642165248,1.378148794922695,2.133855305368842,1.681745421867549,8.796821143461017,47.74684810390416,11.37424924777013,0.9314333446066172,1.8133343186200506,1.1186926763663436,78.6,85.80367403203002,nfw
UGC08550,external_151,11,bulge_rich_hsb,1,7,6.7,0.289,0.288,0.49913344887348354,1.01,0.45,45.38,7.7053053897329695,32.08846348702561,10.055243212000303,2.392419809770016,1.7295539944932727,2.988314547169201,6.65642026231178,31.089031699670326,9.51697289837945,1.9254195861757852,1.4807375912029506,2.5801903185791475,5.503593584456048,33.38160215990223,10.133884385647349,1.3185420128651089,1.212638900845434,1.9280359102196059,56.9,57.429260174762014,iso
UGC08699,external_151,41,bulge_rich_hsb,2,2,39.3,50.302,3.738,0.06917098445595855,1.91,3.09,2191.95,77.24138297376747,105.64806347283726,48.739597203165324,70.10655036310551,28.57753596764293,28.18711230831259,69.20474322812271,103.22248648767021,33.103872637509504,66.60575838848351,19.491079176697454,20.245147231957244,49.12032130101616,97.34317777228098,12.141124198880249,59.8305187809778,9.55582919885623,13.372992852631484,182.4,149.32734937098135,burkert
UGC08837,external_151,8,low_mass_dwarf,2,10,7.21,0.501,0.32,0.389768574908648,2.25,1.72,15.73,9.517976862137555,14.10338468521952,28.696329206010017,6.754885871869118,3.4129075269543176,3.064397582273074,9.423179026535768,11.279087516877759,28.57637793378481,6.195370313758678,3.089909345967911,2.600366983210184,9.53836447355176,10.233370834784095,29.287130328339845,7.151869109958344,3.675863245420725,2.926049780729034,0.0,59.78216028363664,burkert
UGC09037,external_151,22,bulge_rich_hsb,2,6,83.6,68.614,19.078,0.21755690370843403,5.69,4.28,334.83,49.290518357859575,38.421478588097116,88.4134169873465,19.34339278249994,11.100888357428856,11.410881035487815,48.25253891758705,31.982868511932313,88.10975466134074,17.53791170071855,9.037594411290307,9.661638532995044,51.169153140104825,35.10413795221915,87.79480505552884,19.372835783325357,8.349351367643322,8.672092914797886,152.3,209.8447306596493,iso
UGC09133,external_151,68,bulge_rich_hsb,1,2,57.1,282.926,33.428,0.10566643696618346,5.92,6.97,1284.78,97.48235221789504,155.48711869145254,70.76283119481096,128.17097679590688,48.529074096890845,87.98918230940825,75.58736948172853,151.68979861567905,47.1180091148295,123.79073822305779,38.26569387769016,76.76710849041429,48.61789829584936,147.35025343046362,29.334787638133605,122.67042402098078,28.56791185345034,67.62861425960983,226.8,273.3887850842148,iso
UGC09992,external_151,5,low_mass_dwarf,2,10,10.7,0.336,0.318,0.4862385321100917,1.62,1.04,20.18,13.546374420959124,11.016443632096589,30.205886862954003,2.0419503041038665,2.1294149090134464,2.054355727639328,11.46743475309327,10.984298443944851,28.57863282866365,1.7632966771063443,2.000607260999763,1.6147179570028605,10.00856570872871,10.813337295208587,30.440542898511517,2.2516253560550865,2.010211557400133,1.3147327439815157,33.6,56.126652248343234,nfw
UGC10310,external_151,7,low_mass_dwarf,1,9,15.2,1.741,1.196,0.4072182499148791,3.12,1.8,28.37,7.184245429970856,34.501729700150705,21.963139043431283,3.4736226969432784,2.081466818292241,4.42408888914391,6.395543836222198,33.26424218965497,21.154952134442766,2.616043384165308,1.8802255125803629,3.998624371900391,7.396158016790302,37.79101536564954,19.37771497447278,1.8279344477832495,1.9459455314029697,3.699319721047601,71.4,84.63738098086252,iso
UGC11455,external_151,36,bulge_rich_hsb,1,6,78.6,374.322,13.335,0.03439896609631711,10.06,5.93,571.26,13.75588023570413,88.84803232823866,45.24062695098446,69.7076823839279,30.839660846918676,29.266903242074804,10.98405832244137,74.9576712584203,43.76616732931667,57.80623702770619,27.977761566407448,24.961712005413954,9.08020284725012,76.24922098478186,44.87826474761309,56.48597393253844,31.029545049565954,25.99435692950216,269.4,289.4139657016229,c4_4
UGC11557,external_151,12,low_mass_dwarf,2,8,24.2,12.101,2.605,0.17713858289133685,4.18,2.75,106.86,26.956893566680606,17.208788264814352,55.34119419118903,13.165464893098536,9.671004367229623,9.916592866614668,25.97014427824276,14.975742206000355,54.83927762203347,11.874894591723617,7.741797438287005,8.170316168149077,23.076386866145064,16.721400789815526,56.53472653086125,11.77828478799481,6.918567833953411,6.960095992247886,0.0,124.82689561738741,iso
UGC11820,external_151,10,low_mass_dwarf,1,9,18.1,0.97,1.977,0.6708517136070581,2.74,2.08,20.18,9.438337927094882,35.000085646600795,20.60839521376552,4.987807021991584,5.8432660414080875,8.008049823750328,8.802725551452353,30.375554580521566,17.32761345984942,4.483949575701871,4.193241385029969,6.229434287477387,9.530851651529726,29.44447749583641,19.243885116943115,4.2673848359723685,3.0965907203102834,4.966472265909074,0.0,94.31837678637262,nfw
UGC11914,external_151,65,bulge_rich_hsb,1,2,16.9,150.028,0.888,0.005884067958334438,3.12,2.44,2425.66,137.06795056659786,146.65727560962395,92.70475340154138,119.80032000202421,58.9719882253668,64.8794246263466,134.98062777510137,145.64919055913097,86.09045973466279,118.98144436285338,56.40506510873803,64.33316515901025,129.346346901514,138.62563048293165,76.0924434724989,114.20911461551424,53.88017997495464,60.94062872041732,288.1,192.1852023914136,iso
UGC12506,external_151,31,bulge_rich_hsb,2,6,100.6,139.571,35.556,0.2030298012299645,12.36,7.38,144.82,34.76137220476047,125.50140651204259,34.56802399058023,93.85083317398269,15.334086021512574,34.234350102490495,27.371343155854234,124.67434367931193,29.047824204796754,93.17614060244506,13.472796093629995,32.8604128080765,23.169074827576253,129.32046257325928,24.757090994417695,96.4897579132489,13.659717438289135,31.51280567268458,234.0,249.54716482031876,iso
UGC12632,external_151,15,low_mass_dwarf,1,9,9.77,1.301,1.744,0.5727422003284073,3.94,2.42,13.09,7.072812756352796,36.337706848140755,22.461284065952945,3.1439065361867065,4.070806309625396,4.824438808096426,5.986512067947765,35.08288805017953,21.30528846774887,2.8690979345789276,3.8839767177754445,4.3522388818616,4.646528073684927,38.42406837731234,21.398147318654893,2.9275125560165094,4.1152728014568964,5.4345139781532765,71.7,86.99139896903037,nfw
UGC12732,external_151,16,low_mass_dwarf,1,9,13.2,1.667,3.66,0.68706589074526,3.12,1.98,26.84,4.050573582904679,48.51926767233167,20.117710366710885,3.268693629364762,3.7643165730716044,6.424982363737892,3.4105283787773497,46.72910299749882,19.651465521687562,3.121751900749948,3.456333810040332,5.58957795440751,3.359964443392208,49.54404515084687,20.521404007263193,2.9275097634771114,3.48607005189303,6.3460142753366995,0.0,99.004268465472,nfw
UGCA281,external_151,7,low_mass_dwarf,3,11,5.68,0.194,0.062,0.2421875,1.57,1.72,12.5,7.231770369442099,10.33948686164543,11.55234219313612,1.6624497464006556,1.161757449365727,1.2835140788412494,6.646202196417883,9.677514632296605,10.70167695188992,1.4277189475292484,0.8896362338940543,0.9823516493464022,7.149639611342369,10.878608822632213,8.404973187211269,1.1346092029375114,0.8610579569690238,0.8318105807051417,0.0,24.862211385370326,iso
UGCA442,external_151,8,low_mass_dwarf,1,9,4.35,0.14,0.263,0.6526054590570719,1.71,1.18,7.6,5.8375438126910995,26.36079376500581,19.940524964470253,3.1609179640065084,2.846041471354269,2.2972003355145065,4.810101848479757,24.81080268142906,18.912849948692603,2.671708949452691,2.090541492858487,2.0225099628642735,3.674700098749545,29.244843156106043,17.177094667507284,2.0401107387498882,1.501036816552313,2.008117412418521,56.4,68.96297875433835,burkert
UGCA444,calibration_24,36,low_mass_dwarf,2,10,0.98,0.012,0.067,0.8481012658227849,0.41,0.83,11.94,3.4369209278536057,14.34014238130053,15.10703961716793,1.5182437745597996,2.288674416190908,1.9934338738011306,2.965652461151043,13.546858393089384,14.418360717415421,1.2509773030033884,2.0296610954335623,1.7121168967067721,2.661000837141942,14.167820152818269,15.42432071268329,1.1066832939522424,2.2523582347254276,1.6077279442150747,37.0,41.209757661478086,nfw
