galaxy,subset,class,N_obs,factor_mean,factor_std,factor_median,factor_min,factor_max,alpha_mean,S_rad_mean
CamB,calibration_24,low_mass_dwarf,9,0.3918836725181298,0.1594792415968617,0.4076212843947591,0.1895479331619077,0.6175582867875844,0.5637103704595277,0.7092824143935821
D512-2,calibration_24,low_mass_dwarf,4,0.5563705252419001,0.1711368905658045,0.6042354218004402,0.3179361521884969,0.6990751051782232,0.6813140972190548,0.8701618743980092
D564-8,non_calibration_151,low_mass_dwarf,6,0.3938544563863777,0.0914634074614034,0.4283556876877138,0.2296615561625715,0.4683957498610658,0.4269985017881978,0.9416469715462028
D631-7,non_calibration_151,low_mass_dwarf,16,0.6825928549130229,0.2597254389765334,0.8307561157455645,0.0700856506886888,0.8503605783881524,0.9205184882119852,0.8302459298403957
DDO064,non_calibration_151,low_mass_dwarf,14,0.367831784318342,0.1599002404470366,0.377550932833845,0.1415169854309729,0.6306598724103067,0.7399327374768564,0.528403072089694
DDO154,calibration_24,low_mass_dwarf,12,0.621800433601099,0.1753830450634109,0.6711986339807545,0.2613450721262396,0.8093752899224449,0.8540326795848402,0.8180131681870244
DDO161,calibration_24,low_mass_dwarf,31,0.6242029128471563,0.2316486312352072,0.708925974745275,0.1538378590218137,0.870309187186279,1.0078031956783855,0.7309006731833331
DDO168,non_calibration_151,low_mass_dwarf,10,0.3105488361077536,0.1393827108550547,0.3160830846417192,0.1061260242079819,0.5087968588182828,0.8746390045645341,0.3934958384633605
DDO170,calibration_24,low_mass_dwarf,8,0.7492159752818295,0.157179030170051,0.8058484030258051,0.4277352756350685,0.8865330871967303,0.9769543876982938,0.9056058387169836
ESO079-G014,non_calibration_151,bulge_rich_hsb,15,0.5563964725034135,0.2622754574234445,0.5551134915318915,0.1736817945765036,0.9262385744415268,1.108052490893232,0.6112314537412534
ESO116-G012,non_calibration_151,bulge_rich_hsb,15,0.5573439568595987,0.3013029717012263,0.5962110845178643,0.082227659563895,0.8934670070086256,1.0719242868246124,0.6129134261209942
ESO444-G084,non_calibration_151,low_mass_dwarf,7,0.4158176838429845,0.2193716261215186,0.4052118004055999,0.1335667888046816,0.7349518422445435,0.8687457285835195,0.5237684597778657
ESO563-G021,non_calibration_151,bulge_rich_hsb,30,0.7130619874833468,0.2916759303980241,0.8779358411545097,0.1790756193666423,0.9738217155638684,1.2590972127236195,0.7424605742899978
F561-1,non_calibration_151,low_mass_dwarf,6,0.7152393845621804,0.180916270152815,0.7731468894338642,0.4062523817483108,0.8797017139671774,0.9892885570754892,0.8520098513140176
F563-1,non_calibration_151,low_mass_dwarf,17,0.7485972610471032,0.1854968681318994,0.842633652903352,0.3290801492946497,0.9108217098494952,0.9405398765431756,0.9395464206613175
F563-V1,non_calibration_151,low_mass_dwarf,6,0.6446682980655769,0.1604995337622383,0.6899850600960193,0.3722543075943528,0.7983809533693459,0.7666715756494981,0.933842628617374
F563-V2,non_calibration_151,low_mass_dwarf,10,0.6349232828230742,0.2386348643603435,0.6530765860923191,0.2773427058194463,0.8883400910200632,0.964872661963476,0.7653921595622288
F565-V2,non_calibration_151,low_mass_dwarf,7,0.6936549856080511,0.1647997364261327,0.7501228705744369,0.3866990784449862,0.845852353801962,0.8737240611659243,0.9060385893952008
F567-2,non_calibration_151,low_mass_dwarf,5,0.7139850728646054,0.1399281544888447,0.7624969779113889,0.4933255808948618,0.8381669294593816,0.8720780039008336,0.934638373813832
F568-1,non_calibration_151,ordinary_disk,12,0.7004781995217023,0.1711806747058289,0.7342018196335822,0.3628970190588289,0.9049598452749504,0.9962475806648476,0.838200209684891
F568-3,non_calibration_151,ordinary_disk,18,0.6957835893019522,0.1914314046589256,0.7216928857228455,0.2935287982955529,0.920418276936635,0.9180877240149856,0.883524698763972
F568-V1,non_calibration_151,ordinary_disk,15,0.7397460688149873,0.190084933502591,0.816929472009262,0.3246423108771775,0.9287495973278906,1.0264214285275122,0.8607593138282376
F571-8,non_calibration_151,bulge_rich_hsb,13,0.2955512645903923,0.2738670083336566,0.2022098978499578,0.0410040182845243,0.918367408669095,1.0512236354785365,0.3214940124513656
F571-V1,non_calibration_151,ordinary_disk,7,0.7733186729370259,0.1601134487084999,0.8388215381528407,0.4575335544451931,0.9021925300649702,1.0259579472083238,0.9031487305332244
F574-1,non_calibration_151,ordinary_disk,14,0.7486841637578687,0.1703316887757158,0.8133839621983845,0.3732053068861405,0.9094368824911596,1.0242352022283006,0.8768689089269659
F574-2,non_calibration_151,low_mass_dwarf,5,0.717637856489479,0.1424242237949721,0.7658905238142114,0.4891797510488571,0.8424779500472487,0.8674427268187543,0.945437681833274
F579-V1,non_calibration_151,ordinary_disk,14,0.7197186558428739,0.2009069504273901,0.778545979584846,0.327599969673512,0.935056598630614,1.0849533586765088,0.8086319516376078
F583-1,non_calibration_151,low_mass_dwarf,25,0.6188019524178278,0.1934729292056121,0.6718403605665186,0.2009162006508446,0.865598241192064,0.731146757424452,0.9358322671471252
F583-4,non_calibration_151,ordinary_disk,12,0.6873473036833002,0.2258715948038676,0.8092797760575285,0.2615096449992984,0.8716637282995022,0.935949559421725,0.8413245485379424
IC2574,non_calibration_151,low_mass_dwarf,34,0.6707391446948572,0.1761945719934591,0.7395002182887034,0.2150317017256928,0.8401684218198201,0.8063521514613637,0.9363731236143208
IC4202,calibration_24,bulge_rich_hsb,32,0.7239174164236826,0.2485051944794019,0.8385493545883957,0.1947089087979019,0.95880085685014,1.2212250902159678,0.7642198227395035
KK98-251,calibration_24,low_mass_dwarf,15,0.3668204476839011,0.161526669226752,0.3625609141998365,0.1368317978481501,0.6437285096622657,0.681825862673188,0.5658083405375091
NGC0024,non_calibration_151,bulge_rich_hsb,29,0.2394047368710757,0.2787639598924978,0.1306516169291141,0.0290156878140476,0.9239381465320472,0.8064312986841501,0.2903408072132069
NGC0055,non_calibration_151,low_mass_dwarf,21,0.6088151024879828,0.1853004786594573,0.6462499886866336,0.2194436346221985,0.8408091500794947,1.0848591892465431,0.6858247853380126
NGC0100,non_calibration_151,bulge_rich_hsb,21,0.6868546966199955,0.2492213791779686,0.7935421622695189,0.1690426191713933,0.9092980482878458,1.0379810287079136,0.7828448645968131
NGC0247,calibration_24,ordinary_disk,26,0.7427277365759465,0.1917474783497757,0.8212232587420415,0.2622509811386338,0.9166932682013464,1.0368240327631368,0.8614785683379073
NGC0289,calibration_24,bulge_rich_hsb,28,0.651512736762152,0.3582552506470307,0.8583208154970554,0.0798183548544886,0.9740121399555668,1.2661637149008962,0.6716706035863541
NGC0300,non_calibration_151,ordinary_disk,25,0.6865274049216876,0.2673326850684447,0.8181653251459152,0.1076020222030433,0.9208310985222208,1.0793966092790197,0.7619690621337388
NGC0801,non_calibration_151,bulge_rich_hsb,13,0.5188499367263991,0.3638779698545269,0.4545682074118224,0.1068550032569658,0.9776815078075132,1.1639565038611812,0.5483251294245528
NGC0891,non_calibration_151,bulge_rich_hsb,18,0.4959222444848518,0.3186961323032152,0.4788561207588148,0.0542457821712551,0.9296639600967276,1.2215053263122675,0.5160285028925924
NGC1003,calibration_24,bulge_rich_hsb,36,0.8225714930772895,0.2252550017871128,0.9231242959339574,0.1304872379456632,0.9479888612572592,1.2030823378449185,0.8741314135936635
NGC1090,non_calibration_151,bulge_rich_hsb,24,0.7256743943552534,0.3143445460835804,0.9230645347229948,0.1025549278415914,0.9672329818670966,1.2393787736466575,0.756449048147302
NGC1705,calibration_24,low_mass_dwarf,14,0.5794593209697905,0.3066697614904984,0.687534442331518,0.0248802633044856,0.8907176239024583,1.0248091615534505,0.6463065099922559
NGC2366,non_calibration_151,low_mass_dwarf,26,0.5228989724324838,0.1807841487859126,0.5750045977195352,0.1534722033158453,0.7400707003260172,0.9416120736722012,0.6360182409838863
NGC2403,calibration_24,bulge_rich_hsb,73,0.4741714873619721,0.3695382393602983,0.3161388042361567,0.0193343538356035,0.939351018342654,1.039740214111054,0.5105712190817506
NGC2683,non_calibration_151,bulge_rich_hsb,11,0.7788312578946693,0.318292884204037,0.9615753755842464,0.0947227829838546,0.9703407266460974,1.275710605099312,0.8060698468882591
NGC2841,non_calibration_151,bulge_rich_hsb,50,0.6753560877602116,0.3025641807515087,0.7591888730717216,0.1087079219574695,0.9704269292868968,1.1987076966514565,0.7137276706762233
NGC2903,non_calibration_151,bulge_rich_hsb,34,0.5179267284535819,0.3952887555986024,0.4970323652550977,0.0334588165923869,0.9730184301892428,1.1445056910136624,0.5411279201028883
NGC2915,calibration_24,low_mass_dwarf,30,0.7304624991317572,0.2698369847227362,0.8486329936647794,0.0545420300325015,0.9114242026986582,1.0877723936058417,0.8059555587001863
NGC2955,calibration_24,bulge_rich_hsb,24,0.331310079860532,0.1410128112504294,0.2760653622905888,0.1511572272722184,0.6706087690671099,1.1772849361580138,0.3567833880300144
NGC2976,non_calibration_151,bulge_rich_hsb,27,0.0529567621746188,0.0471611447287189,0.0386356156110006,0.0098582345211277,0.1791288833498546,0.5331516870158657,0.0895910205330544
NGC2998,non_calibration_151,bulge_rich_hsb,13,0.5615651454451274,0.3605233551271981,0.550917487358243,0.121199076161254,0.9717084236392224,1.1814042287983857,0.591626658784064
NGC3109,non_calibration_151,low_mass_dwarf,25,0.6153105839694567,0.1837453198914986,0.6709441309784091,0.2189214211603876,0.8216645847005202,0.840832282705071,0.8227277206169157
NGC3198,non_calibration_151,bulge_rich_hsb,43,0.6227812506997861,0.3242770028332042,0.6086936910829488,0.0977173621609432,0.9674717418379438,1.1606506231332705,0.6638410274154172
NGC3521,non_calibration_151,bulge_rich_hsb,41,0.1864826116189237,0.2219946485023786,0.1183928117376704,0.0200709275284452,0.9342991511812512,0.9717176963726848,0.2087156981968622
NGC3726,non_calibration_151,bulge_rich_hsb,12,0.7309226670896677,0.2749122667789366,0.8507277011757335,0.1947184521399935,0.96414590524185,1.2238662910390423,0.7694805671543957
NGC3741,calibration_24,low_mass_dwarf,21,0.6218166044688895,0.1823116566393984,0.6544563153325933,0.237134960321146,0.8293079562513432,0.7904238130126454,0.8652260064019024
NGC3769,non_calibration_151,bulge_rich_hsb,12,0.558034998011553,0.3336908440332849,0.5894100255445579,0.0724833250550998,0.9546876244059556,1.2222686501437885,0.5813894590714547
NGC3877,non_calibration_151,bulge_rich_hsb,13,0.3969956746105821,0.2877856811814632,0.3533051140667807,0.0462206898485848,0.8483837843244202,1.1112577863222524,0.4241770333350513
NGC3893,non_calibration_151,bulge_rich_hsb,10,0.4867561617658303,0.3071659005381051,0.5122006512423505,0.0564227080766789,0.8510609872384406,1.208815791730912,0.507987159650978
NGC3917,non_calibration_151,bulge_rich_hsb,17,0.7069475015085409,0.2679862775845778,0.835395592191153,0.1752985079349479,0.9416657107246172,1.140151143626798,0.7665126553269817
NGC3949,non_calibration_151,bulge_rich_hsb,7,0.0988386910223075,0.052934426892119,0.0946071256667345,0.0331142361906205,0.1809060514897002,0.905968037285488,0.1213703516720189
NGC3953,non_calibration_151,bulge_rich_hsb,8,0.3732358499868198,0.2088483537784038,0.3543355646183674,0.1001267456722789,0.6907898125624872,1.1643594938772206,0.3984282684892578
NGC3972,non_calibration_151,bulge_rich_hsb,10,0.4819944531725904,0.2861576091465679,0.4984765711598739,0.0857325724664813,0.8558864382952698,1.074436175657087,0.5286987970800769
NGC3992,non_calibration_151,bulge_rich_hsb,9,0.8643784594225179,0.1781321873038618,0.95657701664982,0.4469361330287725,0.9673175497927796,1.2819350253300397,0.8999384977947104
NGC4010,non_calibration_151,bulge_rich_hsb,12,0.5722887344845377,0.2451619787933371,0.6195645394431547,0.1838307474823256,0.8673601536327401,1.1001761221243,0.631127084281414
NGC4013,non_calibration_151,bulge_rich_hsb,36,0.7929147347933699,0.236992723743385,0.9214998140626542,0.1738236698436674,0.9601829483329712,1.226065000975061,0.836374822728508
NGC4051,non_calibration_151,bulge_rich_hsb,7,0.3033963405362248,0.1816515361748386,0.2778178317350293,0.08805066164157,0.5793900169428119,1.1298720378169438,0.3275335595093046
NGC4068,non_calibration_151,low_mass_dwarf,6,0.3572969323310848,0.1743740843248297,0.3677422312800177,0.1409690741945594,0.5767161586524698,0.7617328861815378,0.4979194579568082
NGC4085,non_calibration_151,bulge_rich_hsb,7,0.1946812912332654,0.1656327473176408,0.1566722428391686,0.0240175759004026,0.4671227364154476,0.9692622156679428,0.2186060627217267
NGC4088,non_calibration_151,bulge_rich_hsb,12,0.6482355504389655,0.3057315753552219,0.7763079701586982,0.1203595539313854,0.9373577666458948,1.2425344198520725,0.6758160415592219
NGC4100,non_calibration_151,bulge_rich_hsb,24,0.7698193713630533,0.2726269018695068,0.9251627714582642,0.1171174421018229,0.9567667315780763,1.21725188716745,0.8110721295633677
NGC4138,calibration_24,bulge_rich_hsb,7,0.721708876801045,0.3504270364598237,0.9282065238726056,0.0954305035603747,0.9510309216732692,1.247129179302903,0.7502674920020576
NGC4157,non_calibration_151,bulge_rich_hsb,17,0.7429857788280286,0.296122934067156,0.9069717381809768,0.0963505772672088,0.9546477641724066,1.2702306705904067,0.7698604194745092
NGC4183,non_calibration_151,bulge_rich_hsb,23,0.7500061041569593,0.2376922073892377,0.8678298046458428,0.1938799152738829,0.9442783406669149,1.1754451270456263,0.8049210926619653
NGC4214,non_calibration_151,low_mass_dwarf,14,0.5235222454468363,0.2824662677101499,0.6550814365003605,0.0416238233114882,0.7949501995580817,1.0350135951951769,0.5820082298775059
NGC4217,non_calibration_151,bulge_rich_hsb,19,0.7278728153857021,0.2399281671429602,0.8451108609283231,0.2137042074340407,0.9376729260879416,1.1470728806759969,0.7900584536224088
NGC4389,non_calibration_151,ordinary_disk,6,0.1134900331530538,0.0794604143561037,0.1033863549547239,0.0244606707757621,0.2320169669211155,0.8735826499522202,0.1385847763499178
NGC4559,non_calibration_151,bulge_rich_hsb,32,0.7083223245398738,0.2913537151231663,0.873060868070674,0.0756514183515449,0.9386911779129808,1.20353736218268,0.7465088046162639
NGC5005,non_calibration_151,bulge_rich_hsb,18,0.0858957697268302,0.0533103731598063,0.0751666551728494,0.0176579626260371,0.1782244764754932,0.9112328765083112,0.1032874502311644
NGC5033,non_calibration_151,bulge_rich_hsb,22,0.6138248498224639,0.3558500634758403,0.7535516541374402,0.0681701379770855,0.9699701704254636,1.264082539549471,0.6331516097764824
NGC5055,calibration_24,bulge_rich_hsb,28,0.6229530623291045,0.3793156607125141,0.8571916503556698,0.0599310101975562,0.9757985885832844,1.2336269684297083,0.6452697281109218
NGC5371,non_calibration_151,bulge_rich_hsb,19,0.5970303936746605,0.3267574018466662,0.6407748412201558,0.1361475739020264,0.9753827601478938,1.2636743630135558,0.6181720436076293
NGC5585,non_calibration_151,ordinary_disk,24,0.4656770933592748,0.3579255150125597,0.3986677102581689,0.0468831114270148,0.9194166525863536,0.9643476438063238,0.5217895377200124
NGC5907,non_calibration_151,bulge_rich_hsb,19,0.8200890920273671,0.2524199259730216,0.966314207279948,0.1829211057799805,0.9727899922407962,1.2914688119533395,0.8486420673700426
NGC5985,non_calibration_151,bulge_rich_hsb,33,0.7082983704846879,0.2303133884283539,0.7812604533940293,0.2158736476285591,0.9658139880919636,1.2106997045339822,0.7522120402948199
NGC6015,non_calibration_151,bulge_rich_hsb,44,0.6333450462310489,0.3583985982587589,0.8928056307891732,0.0514188924289566,0.960991230396098,1.1690238750446222,0.6678637220558731
NGC6195,non_calibration_151,bulge_rich_hsb,23,0.5182768427370614,0.1929798942602388,0.4904828661467888,0.2256940839828206,0.8907099766928364,1.2119735404350052,0.5509662837725291
NGC6503,calibration_24,bulge_rich_hsb,31,0.6832989902992559,0.3425305599498356,0.8913195525632874,0.0285242756098545,0.9613025926326348,1.2150717678596057,0.7118544607781295
NGC6674,non_calibration_151,bulge_rich_hsb,15,0.8531571629738239,0.2324860957257434,0.9727981186723504,0.2456902001132378,0.9758899975217724,1.3244271921080957,0.8772827949029108
NGC6789,non_calibration_151,low_mass_dwarf,4,0.1259930174813735,0.0525047102416739,0.1047131549519534,0.0916751284998912,0.2028706315216961,0.5502816667461627,0.2353694129724994
NGC6946,calibration_24,bulge_rich_hsb,58,0.6282926481573192,0.3281654419965314,0.7825335162044786,0.0440415869267898,0.9476690901754408,1.2085608331789828,0.6567427858954269
NGC7331,non_calibration_151,bulge_rich_hsb,36,0.5295629456487724,0.3275117596110138,0.5189211247785874,0.0642031565245632,0.9585101281395646,1.2248835327920742,0.5508224202534955
NGC7793,non_calibration_151,bulge_rich_hsb,46,0.2270035484496693,0.2651046324716922,0.0791580541012331,0.0143580634952556,0.8454329252327633,0.7693188697730219,0.2648438909265772
NGC7814,non_calibration_151,bulge_rich_hsb,18,0.6699193595077735,0.3511360557587091,0.8657178967142014,0.0498790716407068,0.9647801207234464,1.1978258252497462,0.7020485027357283
PGC51017,non_calibration_151,low_mass_dwarf,6,0.5195758763947831,0.1977697266745322,0.5703769083516994,0.2221900739240386,0.7272356663224953,0.8523078708913353,0.6751492904034243
UGC00128,non_calibration_151,low_mass_dwarf,22,0.8962869675807944,0.0890284892372005,0.9337666745357344,0.5812902040907135,0.9448537490395902,1.1661305646252211,0.9781639755230388
UGC00191,non_calibration_151,low_mass_dwarf,9,0.4512198820385907,0.3099667567414033,0.3063339775636765,0.1353439664118925,0.898288179171611,0.8403772827711138,0.5711531208609952
UGC00634,non_calibration_151,low_mass_dwarf,4,0.8198844907339534,0.1230061178995013,0.8610084195297227,0.6425356176224586,0.9149855062539096,1.130564620371786,0.9061593773867724
UGC00731,non_calibration_151,low_mass_dwarf,12,0.703445985458461,0.1585944741657128,0.7541506950101586,0.3596265534176552,0.8637880994922649,0.991060594046807,0.845250993285763
UGC00891,non_calibration_151,low_mass_dwarf,5,0.6436610579028883,0.1949419824546523,0.6981398439577382,0.3448074416960222,0.8311585026810667,0.9919107680074496,0.7620095641842368
UGC01230,non_calibration_151,low_mass_dwarf,11,0.8087890630839604,0.1591500765717984,0.8654029545945896,0.4697285999646381,0.9507855733831088,1.110186249108301,0.90549927025794
UGC01281,non_calibration_151,low_mass_dwarf,25,0.4764992740921348,0.1853957252165337,0.4885170154138453,0.1713953248834729,0.7798985518323537,0.7828209501015312,0.6633733051583818
UGC02023,non_calibration_151,low_mass_dwarf,5,0.448526654816252,0.1947590305001882,0.4708286976408323,0.1992069786889787,0.6764214604045301,0.8572256634566611,0.5784476410007622
UGC02259,non_calibration_151,low_mass_dwarf,8,0.6292399907973343,0.2472630849903086,0.7091453211130534,0.197612999608355,0.872260599747774,1.0277645276374152,0.7207205240139828
UGC02455,non_calibration_151,low_mass_dwarf,8,0.2412292521857053,0.1868672663111688,0.2164367785461375,0.0309020418746094,0.5226569674620613,0.8997288974936231,0.2832006030082998
UGC02487,non_calibration_151,bulge_rich_hsb,17,0.7937621812538254,0.2908176981158425,0.9653383144598282,0.1493143377854189,0.9728057294115088,1.1939144570508422,0.8511467248618411
UGC02885,non_calibration_151,ordinary_disk,19,0.8242741087445346,0.222898575569966,0.948690091199792,0.3058498682286795,0.9767464666721056,1.30836072654372,0.8510408759168913
UGC02916,non_calibration_151,bulge_rich_hsb,43,0.5687127893443665,0.2244976619974778,0.5498608720855372,0.1637004656391326,0.9567877707353256,1.1472218029958432,0.6180113933907434
UGC02953,non_calibration_151,bulge_rich_hsb,115,0.4480280448344099,0.3805504071436725,0.2615276594111502,0.0399700368545095,0.9759445110716668,1.1125748525917198,0.4747882746317186
UGC03205,non_calibration_151,bulge_rich_hsb,48,0.6105782062946887,0.316085473168978,0.6007069099394504,0.0714288063039968,0.9694843007190532,1.1907058948819629,0.6445415604973863
UGC03546,non_calibration_151,bulge_rich_hsb,30,0.3508666614028359,0.3708605805158775,0.1236565628910879,0.0239388548165242,0.9746113262781978,0.9843955123433972,0.3769540663827093
UGC03580,calibration_24,bulge_rich_hsb,47,0.389462900184391,0.363636429009843,0.1760182899967745,0.0335412861281402,0.9602422246689116,0.9777076311000766,0.4285872529046667
UGC04278,non_calibration_151,ordinary_disk,25,0.5849348396572216,0.210629265902787,0.6362583984833937,0.1835688320541442,0.8371481085798107,0.947059751464386,0.7087965185224491
UGC04305,non_calibration_151,low_mass_dwarf,22,0.5061850188657485,0.2098565396039428,0.5592207707980352,0.1297432182576198,0.762292104190801,0.92622511898351,0.6161077100088672
UGC04325,non_calibration_151,low_mass_dwarf,8,0.4226336222941318,0.2104733845283293,0.4340064160684657,0.1274506574542228,0.7031230719102498,0.9639674403212796,0.4985131301306555
UGC04483,non_calibration_151,low_mass_dwarf,8,0.2502979215944153,0.1085546459320003,0.2283322675183993,0.1383729079795109,0.4158746621704338,0.56757667379,0.449937057289009
UGC04499,non_calibration_151,low_mass_dwarf,9,0.5824964563076945,0.2350361073911319,0.6515623709306778,0.1845442174296704,0.8363385988898879,1.0383800298758132,0.6629438218589709
UGC05005,non_calibration_151,low_mass_dwarf,11,0.8129642912278802,0.1475206530411972,0.8655335977918673,0.477414835622686,0.9367108482410352,1.0678765976528153,0.9308823150530277
UGC05253,non_calibration_151,bulge_rich_hsb,73,0.3777741722268246,0.2767659173359311,0.2654920164737302,0.0875282222970429,0.976200770160184,1.0752573026005374,0.4172626615633003
UGC05414,non_calibration_151,low_mass_dwarf,6,0.3978547389464048,0.1815448188231845,0.4066753879441817,0.1576526880100425,0.6238670459939162,0.8940699817460503,0.4964264029373723
UGC05716,non_calibration_151,low_mass_dwarf,12,0.7454698000569432,0.1819873542068631,0.8179721085476618,0.3083005587604072,0.8967867586938657,1.047669369597486,0.8559248657194182
UGC05721,calibration_24,bulge_rich_hsb,23,0.4326848629889975,0.2484346625603912,0.4841486842959657,0.0482239647556077,0.7575586783815518,0.966500325191868,0.4985780478808321
UGC05750,non_calibration_151,low_mass_dwarf,11,0.6805163068165772,0.1625157732971999,0.7117497330150167,0.3533229399806466,0.8828476432875512,0.7928479373598475,0.9693586500410902
UGC05764,calibration_24,low_mass_dwarf,10,0.428584889364935,0.1713493982613539,0.4451871172317359,0.1633618190352946,0.657703753265269,0.8018427410157223,0.5827790024832228
UGC05829,non_calibration_151,low_mass_dwarf,11,0.6238429863265718,0.1760279996349212,0.6733887270908456,0.2901941308028141,0.8172118157671224,0.8923038959988642,0.7992373671281189
UGC05918,non_calibration_151,low_mass_dwarf,8,0.5515601801922188,0.1616151687057757,0.5902681037686182,0.278789654100578,0.7299508999054822,0.6760231946358443,0.8779954620953296
UGC05986,non_calibration_151,low_mass_dwarf,15,0.6138503102826841,0.2722492347223512,0.7056747278679342,0.126279593245305,0.8893139215360887,1.072898763321503,0.6821055184473567
UGC05999,non_calibration_151,low_mass_dwarf,5,0.8075633725519585,0.1348729662229792,0.8637839359447729,0.5830538314407306,0.9109811486317372,1.103541533702466,0.9042047042157484
UGC06399,non_calibration_151,low_mass_dwarf,9,0.6430696249311348,0.2224953555231098,0.717406381914259,0.2535313462442127,0.869937395069754,0.9879827939846392,0.7588446594658882
UGC06446,non_calibration_151,ordinary_disk,17,0.6480499163243438,0.2266125577334868,0.7397209545068514,0.1733579228578464,0.8731966441537111,1.0524603164311768,0.7342700172196424
UGC06614,non_calibration_151,bulge_rich_hsb,13,0.8859700535835475,0.1193710731351461,0.9191857451261454,0.5259096241038862,0.9662479381231596,1.2599997335756556,0.9298771848969244
UGC06628,non_calibration_151,low_mass_dwarf,7,0.6168387053270747,0.2043351007620471,0.661410289048728,0.2949564621468242,0.8416902189193507,0.9945687467669796,0.7274852817551881
UGC06667,non_calibration_151,ordinary_disk,9,0.6511492949206321,0.1663065753374038,0.7014208584216337,0.3328401471383398,0.8229718889410303,0.8255918544068303,0.8937748663657017
UGC06786,non_calibration_151,bulge_rich_hsb,45,0.4829311812807838,0.329117528562372,0.3560618651041409,0.0480877355524301,0.970183019107456,1.1336293414283367,0.5152438146102455
UGC06787,non_calibration_151,bulge_rich_hsb,71,0.4687222880485414,0.3202521826109055,0.3593126009626873,0.0677746986417869,0.9721711715042924,1.106259851820916,0.5061753223896298
UGC06818,non_calibration_151,low_mass_dwarf,8,0.6249759993387644,0.2719998000354702,0.7224722201568453,0.1619953776476985,0.8821831750113556,0.9980616411007414,0.7242939557835297
UGC06917,non_calibration_151,low_mass_dwarf,11,0.6306850647366228,0.238900574138668,0.6994880470633855,0.2009096850590528,0.8874454990874657,1.0550058179278885,0.713155641026042
UGC06923,non_calibration_151,low_mass_dwarf,6,0.293593738138857,0.1893693647291845,0.2946297620657764,0.0525389049999067,0.5372821074784647,0.9885261866359744,0.3346475011277772
UGC06930,non_calibration_151,ordinary_disk,10,0.7196898856275193,0.2215618527988667,0.8041654303709634,0.2980449504613292,0.9238379699876832,1.167439413180801,0.7767087365063692
UGC06973,calibration_24,bulge_rich_hsb,9,0.5541545696621624,0.3353794985518284,0.651449987322836,0.0578487912732313,0.8774223832008629,1.2331513856930596,0.5738561569186204
UGC06983,non_calibration_151,ordinary_disk,17,0.7084199501494216,0.2265240332939777,0.8014346367077821,0.2237426325487823,0.9217084422359934,1.122862684663569,0.7781841528295907
UGC07089,non_calibration_151,low_mass_dwarf,12,0.6868404336503026,0.219211081400879,0.7823470365724419,0.248954890335202,0.8885991044315686,1.0347314466024593,0.7890892405973382
UGC07125,non_calibration_151,low_mass_dwarf,13,0.8007878457667628,0.1488735393076761,0.8644538832552366,0.4383310926936916,0.9225377117825784,1.0975716475496635,0.900926499211858
UGC07151,non_calibration_151,bulge_rich_hsb,11,0.4347052127454204,0.2540000008705094,0.4578557914981578,0.0729110572134369,0.7684294405202822,0.9682483649586312,0.5026256205949607
UGC07232,non_calibration_151,low_mass_dwarf,4,0.1229348718845624,0.0806513584745382,0.0941134965693171,0.0658935134599575,0.2376189809396582,0.5605964470020496,0.2178805314972138
UGC07261,non_calibration_151,low_mass_dwarf,7,0.6209620142690806,0.2563496729463744,0.7304386157449234,0.1975522445424,0.8599956462539243,0.9969301956634116,0.7231236074740925
UGC07323,non_calibration_151,low_mass_dwarf,10,0.4335152045072193,0.2217316784039672,0.440003987214601,0.1240254650795044,0.7440492879275222,0.9649413084934356,0.5099493097432228
UGC07399,non_calibration_151,low_mass_dwarf,10,0.4238811318851369,0.2275383140489788,0.440378454465739,0.0955388471444258,0.7256950741046676,0.9936505521685244,0.4875015618482573
UGC07524,non_calibration_151,low_mass_dwarf,31,0.6904893469900875,0.1878817124879205,0.754975875589763,0.2400830021253301,0.886987165672489,0.9864648301139276,0.8270771476132434
UGC07559,non_calibration_151,low_mass_dwarf,7,0.4233666307250893,0.1689454693092466,0.4545291437631493,0.1849149708946465,0.626804564950148,0.7005246873939753,0.6388205558476768
UGC07577,non_calibration_151,low_mass_dwarf,9,0.3553648371502271,0.1321497121788401,0.3626597414096777,0.1771552660082525,0.5365419721831461,0.4991821233218657,0.7246376145994026
UGC07603,non_calibration_151,bulge_rich_hsb,12,0.494657245882141,0.2346569166050435,0.5714166754778841,0.0990930437296056,0.7492268668813382,0.8913572620377151,0.6100617348196211
UGC07608,non_calibration_151,low_mass_dwarf,8,0.5436411171618146,0.1716850557618247,0.5788080538154313,0.2630521179966578,0.7423500832815371,0.8403197205180315,0.7231769984278863
UGC07690,non_calibration_151,low_mass_dwarf,7,0.4131037433808306,0.2396438744018786,0.484349700362122,0.0626839463640128,0.6689910795053039,0.95839491452834,0.4800297231716319
UGC07866,non_calibration_151,low_mass_dwarf,7,0.4139710963600287,0.1724644120279991,0.4391863120733274,0.1739656593201642,0.6227301861998668,0.671220496541293,0.6447633152194896
UGC08286,non_calibration_151,bulge_rich_hsb,17,0.6588235205635461,0.2291651733475049,0.7613395445252533,0.1705436829083821,0.8688041940740735,0.9908834581478174,0.7728215995355987
UGC08490,non_calibration_151,low_mass_dwarf,30,0.6522394469084725,0.2479865423293298,0.7519785013279588,0.0676819697226384,0.8768884172712581,1.0808282384073291,0.7222274918829769
UGC08550,non_calibration_151,bulge_rich_hsb,11,0.6177961547978538,0.2003583630326049,0.6917954086715237,0.2022009164621355,0.8044400646899901,0.8894534769981088,0.7810975702697625
UGC08699,non_calibration_151,bulge_rich_hsb,41,0.3822204724205151,0.3093263833387197,0.3371255419182262,0.0235469492904345,0.9610709841380336,1.08024992343242,0.4074873890806506
UGC08837,non_calibration_151,low_mass_dwarf,8,0.4824720795633167,0.192721628710815,0.5049148099030765,0.1914358096938751,0.7235634330495759,0.842318965994031,0.6320750163993085
UGC09037,non_calibration_151,bulge_rich_hsb,22,0.6842742017862142,0.2556429539203869,0.8003389087220765,0.1623873614512432,0.9271028472341604,1.240173258794545,0.7168051070219881
UGC09133,non_calibration_151,bulge_rich_hsb,68,0.6019264092948279,0.3374477336042332,0.5233445138709258,0.1027573173884398,0.9783885376566082,1.2258266830523064,0.6291360991443123
UGC09992,non_calibration_151,low_mass_dwarf,5,0.4805882416390586,0.2049286258038399,0.5163172126308626,0.1988676407616933,0.7044187821794088,0.8610260327443893,0.61745900765673
UGC10310,non_calibration_151,low_mass_dwarf,7,0.6398111934994208,0.2098569442237373,0.7041145557463253,0.2858813091133728,0.8482296964664056,0.9977149869031504,0.75211293545302
UGC11455,non_calibration_151,bulge_rich_hsb,36,0.5856999181312698,0.2951975882145957,0.5237159938504947,0.1426619302234365,0.9751444017114496,1.2310191845677922,0.6135967617485224
UGC11557,non_calibration_151,low_mass_dwarf,12,0.4915228628905861,0.2642402830166892,0.4634132361880575,0.1312112748680452,0.8990635043629529,1.0686413762570102,0.5459355322463179
UGC11820,non_calibration_151,low_mass_dwarf,10,0.5881802868528891,0.3198442652357624,0.6388429761039992,0.1932274467920811,0.924654582864884,0.8777124280873483,0.7487667308909441
UGC11914,non_calibration_151,bulge_rich_hsb,65,0.1279158821812706,0.1131900423961077,0.1060895166641006,0.0128270862174512,0.6027143406432564,0.8883406131939461,0.1502054642434596
UGC12506,non_calibration_151,bulge_rich_hsb,31,0.8433918247923691,0.1726890809956279,0.9344025547294612,0.363589394811788,0.966686242805557,1.277241022556254,0.8796066401539656
UGC12632,non_calibration_151,low_mass_dwarf,15,0.7221891710421885,0.1692818813939544,0.7892079350336977,0.3314725446818402,0.8785041276684582,0.9386114902119834,0.8963080087339623
UGC12732,non_calibration_151,low_mass_dwarf,16,0.7814864076590331,0.1657051815549768,0.8550356791578573,0.3505024727565577,0.9116839122218224,1.0541149543934525,0.8972784240981498
UGCA281,non_calibration_151,low_mass_dwarf,7,0.1105344732476034,0.0430632650637616,0.0981885166279788,0.0693323084807715,0.181018712087566,0.5150345398791121,0.2194802456672318
UGCA442,non_calibration_151,low_mass_dwarf,8,0.5752566598792721,0.2026747596140639,0.6133911911257846,0.2438000262476523,0.8113949126830844,0.970342662339858,0.6875575812211625
UGCA444,calibration_24,low_mass_dwarf,36,0.3632959237501869,0.1599403992983044,0.3692412406386439,0.1177251575741475,0.613650061114126,0.6779995063051912,0.5590619763385488
